filepath,class,fold,source_file,predicted,correct
images/Broken stitch/00000.jpg,Broken stitch,1,A_02_001.jpg,Broken stitch,True
images/Broken stitch/00001.jpg,Broken stitch,2,A_02_002.jpg,Broken stitch,True
images/Broken stitch/00002.jpg,Broken stitch,0,A_02_003.jpg,Broken stitch,True
images/Broken stitch/00003.jpg,Broken stitch,2,A_02_004.jpg,Broken stitch,True
images/Broken stitch/00004.jpg,Broken stitch,1,A_02_005.jpg,Broken stitch,True
images/Broken stitch/00005.jpg,Broken stitch,3,A_02_006.jpg,Broken stitch,True
images/Broken stitch/00006.jpg,Broken stitch,1,A_02_007.jpg,Broken stitch,True
images/Broken stitch/00007.jpg,Broken stitch,0,A_02_008.jpg,Broken stitch,True
images/Broken stitch/00008.jpg,Broken stitch,0,A_02_009.jpg,Broken stitch,True
images/Broken stitch/00009.jpg,Broken stitch,1,A_02_010.jpg,Broken stitch,True
images/Broken stitch/00010.jpg,Broken stitch,3,A_02_011.jpg,Broken stitch,True
images/Broken stitch/00011.jpg,Broken stitch,2,A_02_012.jpg,Broken stitch,True
images/Broken stitch/00012.jpg,Broken stitch,3,A_02_013.jpg,Broken stitch,True
images/Broken stitch/00013.jpg,Broken stitch,4,A_02_014.jpg,Broken stitch,True
images/Broken stitch/00014.jpg,Broken stitch,0,A_02_015.jpg,Broken stitch,True
images/Broken stitch/00015.jpg,Broken stitch,0,A_02_016.jpg,Broken stitch,True
images/Broken stitch/00016.jpg,Broken stitch,2,A_02_017.jpg,Broken stitch,True
images/Broken stitch/00017.jpg,Broken stitch,3,A_02_018.jpg,Broken stitch,True
images/Broken stitch/00018.jpg,Broken stitch,4,A_02_019.jpg,Broken stitch,True
images/Broken stitch/00019.jpg,Broken stitch,4,A_02_020.jpg,Broken stitch,True
images/Broken stitch/00020.jpg,Broken stitch,1,A_02_021.jpg,Broken stitch,True
images/Broken stitch/00021.jpg,Broken stitch,0,A_02_022.jpg,Broken stitch,True
images/Broken stitch/00022.jpg,Broken stitch,1,A_02_023.jpg,Broken stitch,True
images/Broken stitch/00023.jpg,Broken stitch,2,A_02_024.jpg,Broken stitch,True
images/Broken stitch/00024.jpg,Broken stitch,4,A_02_025.jpg,Broken stitch,True
images/Broken stitch/00025.jpg,Broken stitch,2,A_02_026.jpg,Broken stitch,True
images/Broken stitch/00026.jpg,Broken stitch,0,A_02_027.jpg,Broken stitch,True
images/Broken stitch/00027.jpg,Broken stitch,3,A_02_028.jpg,Broken stitch,True
images/Broken stitch/00028.jpg,Broken stitch,3,A_02_029.jpg,Broken stitch,True
images/Broken stitch/00029.jpg,Broken stitch,3,A_02_030.jpg,Broken stitch,True
images/Broken stitch/00030.jpg,Broken stitch,0,A_02_031.jpg,Broken stitch,True
images/Broken stitch/00031.jpg,Broken stitch,1,A_02_032.jpg,Broken stitch,True
images/Broken stitch/00032.jpg,Broken stitch,1,A_02_033.jpg,Broken stitch,True
images/Broken stitch/00033.jpg,Broken stitch,0,A_02_034.jpg,Broken stitch,True
images/Broken stitch/00034.jpg,Broken stitch,1,A_02_035.jpg,Broken stitch,True
images/Broken stitch/00035.jpg,Broken stitch,2,A_02_036.jpg,Broken stitch,True
images/Broken stitch/00036.jpg,Broken stitch,2,A_02_037.jpg,Broken stitch,True
images/Broken stitch/00037.jpg,Broken stitch,1,A_02_038.jpg,Broken stitch,True
images/Broken stitch/00038.jpg,Broken stitch,3,A_02_039.jpg,Broken stitch,True
images/Broken stitch/00039.jpg,Broken stitch,0,A_02_040.jpg,Broken stitch,True
images/Broken stitch/00040.jpg,Broken stitch,4,A_02_041.jpg,Broken stitch,True
images/Broken stitch/00041.jpg,Broken stitch,3,A_02_042.jpg,Broken stitch,True
images/Broken stitch/00042.jpg,Broken stitch,1,A_02_043.jpg,Broken stitch,True
images/Broken stitch/00043.jpg,Broken stitch,1,A_02_044.jpg,Broken stitch,True
images/Broken stitch/00044.jpg,Broken stitch,0,A_02_045.jpg,Broken stitch,True
images/Broken stitch/00045.jpg,Broken stitch,4,A_02_046.jpg,Broken stitch,True
images/Broken stitch/00046.jpg,Broken stitch,1,A_02_047.jpg,Broken stitch,True
images/Broken stitch/00047.jpg,Broken stitch,4,A_02_048.jpg,Broken stitch,True
images/Broken stitch/00048.jpg,Broken stitch,0,A_02_049.jpg,Broken stitch,True
images/Broken stitch/00049.jpg,Broken stitch,1,A_02_050.jpg,Broken stitch,True
images/Broken stitch/00050.jpg,Broken stitch,2,A_02_051.jpg,Broken stitch,True
images/Broken stitch/00051.jpg,Broken stitch,4,A_02_052.jpg,Broken stitch,True
images/Broken stitch/00052.jpg,Broken stitch,1,A_02_053.jpg,Broken stitch,True
images/Broken stitch/00053.jpg,Broken stitch,0,A_02_054.jpg,Broken stitch,True
images/Broken stitch/00054.jpg,Broken stitch,3,A_02_055.jpg,Broken stitch,True
images/Broken stitch/00055.jpg,Broken stitch,4,A_02_056.jpg,Broken stitch,True
images/Broken stitch/00056.jpg,Broken stitch,1,A_02_057.jpg,Broken stitch,True
images/Broken stitch/00057.jpg,Broken stitch,0,A_02_058.jpg,Broken stitch,True
images/Broken stitch/00058.jpg,Broken stitch,3,A_02_059.jpg,Broken stitch,True
images/Broken stitch/00059.jpg,Broken stitch,2,A_02_060.jpg,Broken stitch,True
images/Broken stitch/00060.jpg,Broken stitch,0,A_02_061.jpg,Broken stitch,True
images/Broken stitch/00061.jpg,Broken stitch,3,A_02_062.jpg,Broken stitch,True
images/Broken stitch/00062.jpg,Broken stitch,1,A_02_063.jpg,Broken stitch,True
images/Broken stitch/00063.jpg,Broken stitch,0,A_02_064.jpg,Broken stitch,True
images/Broken stitch/00064.jpg,Broken stitch,0,A_02_065.jpg,Broken stitch,True
images/Broken stitch/00065.jpg,Broken stitch,1,A_02_066.jpg,Broken stitch,True
images/Broken stitch/00066.jpg,Broken stitch,4,A_02_067.jpg,Broken stitch,True
images/Broken stitch/00067.jpg,Broken stitch,0,A_02_068.jpg,Broken stitch,True
images/Broken stitch/00068.jpg,Broken stitch,3,A_02_069.jpg,Broken stitch,True
images/Broken stitch/00069.jpg,Broken stitch,4,A_02_070.jpg,Broken stitch,True
images/Broken stitch/00070.jpg,Broken stitch,3,A_02_071.jpg,Broken stitch,True
images/Broken stitch/00071.jpg,Broken stitch,2,A_02_072.jpg,Broken stitch,True
images/Broken stitch/00072.jpg,Broken stitch,2,A_02_073.jpg,Broken stitch,True
images/Broken stitch/00073.jpg,Broken stitch,3,A_02_074.jpg,Broken stitch,True
images/Broken stitch/00074.jpg,Broken stitch,2,A_02_075.jpg,Broken stitch,True
images/Broken stitch/00075.jpg,Broken stitch,3,A_02_076.jpg,Broken stitch,True
images/Broken stitch/00076.jpg,Broken stitch,2,A_02_077.jpg,Broken stitch,True
images/Broken stitch/00077.jpg,Broken stitch,4,A_02_078.jpg,Broken stitch,True
images/Broken stitch/00078.jpg,Broken stitch,4,A_02_079.jpg,Broken stitch,True
images/Broken stitch/00079.jpg,Broken stitch,1,A_02_080.jpg,Broken stitch,True
images/Broken stitch/00080.jpg,Broken stitch,2,A_02_081.jpg,Broken stitch,True
images/Broken stitch/00081.jpg,Broken stitch,2,A_02_082.jpg,Broken stitch,True
images/Broken stitch/00082.jpg,Broken stitch,4,A_02_083.jpg,Broken stitch,True
images/Broken stitch/00083.jpg,Broken stitch,2,A_02_084.jpg,Broken stitch,True
images/Broken stitch/00084.jpg,Broken stitch,3,A_02_085.jpg,Broken stitch,True
images/Broken stitch/00085.jpg,Broken stitch,1,A_02_086.jpg,Broken stitch,True
images/Broken stitch/00086.jpg,Broken stitch,4,A_02_087.jpg,Broken stitch,True
images/Broken stitch/00087.jpg,Broken stitch,2,A_02_088.jpg,Broken stitch,True
images/Broken stitch/00088.jpg,Broken stitch,2,A_02_089.jpg,Broken stitch,True
images/Broken stitch/00089.jpg,Broken stitch,4,A_02_090.jpg,Broken stitch,True
images/Broken stitch/00090.jpg,Broken stitch,1,A_02_091.jpg,Broken stitch,True
images/Broken stitch/00091.jpg,Broken stitch,1,A_02_092.jpg,Broken stitch,True
images/Broken stitch/00092.jpg,Broken stitch,4,A_02_093.jpg,Broken stitch,True
images/Broken stitch/00093.jpg,Broken stitch,0,A_02_094.jpg,Broken stitch,True
images/Broken stitch/00094.jpg,Broken stitch,2,A_02_095.jpg,Broken stitch,True
images/Broken stitch/00095.jpg,Broken stitch,0,A_02_096.jpg,Broken stitch,True
images/Broken stitch/00096.jpg,Broken stitch,0,A_02_097.jpg,Broken stitch,True
images/Broken stitch/00097.jpg,Broken stitch,1,A_02_098.jpg,Broken stitch,True
images/Broken stitch/00098.jpg,Broken stitch,3,A_02_099.jpg,Broken stitch,True
images/Broken stitch/00099.jpg,Broken stitch,4,A_02_100.jpg,Broken stitch,True
images/Broken stitch/00100.jpg,Broken stitch,3,A_02_101.jpg,Broken stitch,True
images/Broken stitch/00101.jpg,Broken stitch,3,A_02_102.jpg,Broken stitch,True
images/Broken stitch/00102.jpg,Broken stitch,3,A_02_103.jpg,Broken stitch,True
images/Broken stitch/00103.jpg,Broken stitch,4,A_02_104.jpg,Broken stitch,True
images/Broken stitch/00104.jpg,Broken stitch,0,A_02_105.jpg,Broken stitch,True
images/Broken stitch/00105.jpg,Broken stitch,2,A_02_106.jpg,Broken stitch,True
images/Broken stitch/00106.jpg,Broken stitch,3,A_02_107.jpg,Broken stitch,True
images/Broken stitch/00107.jpg,Broken stitch,4,A_02_108.jpg,Broken stitch,True
images/Broken stitch/00108.jpg,Broken stitch,0,A_02_109.jpg,Broken stitch,True
images/Broken stitch/00109.jpg,Broken stitch,4,A_02_110.jpg,Broken stitch,True
images/Broken stitch/00110.jpg,Broken stitch,2,A_02_111.jpg,Broken stitch,True
images/Broken stitch/00111.jpg,Broken stitch,4,A_02_112.jpg,Broken stitch,True
images/Needle mark/00112.jpg,Needle mark,0,A_08_001.jpg,Needle mark,True
images/Needle mark/00113.jpg,Needle mark,0,A_08_002.jpg,Needle mark,True
images/Needle mark/00114.jpg,Needle mark,4,A_08_003.jpg,Needle mark,True
images/Needle mark/00115.jpg,Needle mark,3,A_08_004.jpg,Needle mark,True
images/Needle mark/00116.jpg,Needle mark,3,A_08_005.jpg,Needle mark,True
images/Needle mark/00117.jpg,Needle mark,4,A_08_006.jpg,Needle mark,True
images/Needle mark/00118.jpg,Needle mark,2,A_08_007.jpg,Needle mark,True
images/Needle mark/00119.jpg,Needle mark,0,A_08_008.jpg,Needle mark,True
images/Needle mark/00120.jpg,Needle mark,2,A_08_009.jpg,Needle mark,True
images/Needle mark/00121.jpg,Needle mark,1,A_08_010.jpg,Needle mark,True
images/Needle mark/00122.jpg,Needle mark,4,A_08_011.jpg,Needle mark,True
images/Needle mark/00123.jpg,Needle mark,0,A_08_012.jpg,Needle mark,True
images/Needle mark/00124.jpg,Needle mark,3,A_08_013.jpg,Needle mark,True
images/Needle mark/00125.jpg,Needle mark,2,A_08_014.jpg,Needle mark,True
images/Needle mark/00126.jpg,Needle mark,3,A_08_015.jpg,Needle mark,True
images/Needle mark/00127.jpg,Needle mark,4,A_08_016.jpg,Needle mark,True
images/Needle mark/00128.jpg,Needle mark,0,A_08_017.jpg,Needle mark,True
images/Needle mark/00129.jpg,Needle mark,3,A_08_018.jpg,Needle mark,True
images/Needle mark/00130.jpg,Needle mark,4,A_08_019.jpg,Needle mark,True
images/Needle mark/00131.jpg,Needle mark,1,A_08_020.jpg,Needle mark,True
images/Needle mark/00132.jpg,Needle mark,2,A_08_021.jpg,Needle mark,True
images/Needle mark/00133.jpg,Needle mark,4,A_08_022.jpg,Needle mark,True
images/Needle mark/00134.jpg,Needle mark,4,A_08_023.jpg,Needle mark,True
images/Needle mark/00135.jpg,Needle mark,1,A_08_024.jpg,Needle mark,True
images/Needle mark/00136.jpg,Needle mark,1,A_08_025.jpg,Needle mark,True
images/Needle mark/00137.jpg,Needle mark,0,A_08_026.jpg,Needle mark,True
images/Needle mark/00138.jpg,Needle mark,2,A_08_027.jpg,Needle mark,True
images/Needle mark/00139.jpg,Needle mark,4,A_08_028.jpg,Needle mark,True
images/Needle mark/00140.jpg,Needle mark,4,A_08_029.jpg,Needle mark,True
images/Needle mark/00141.jpg,Needle mark,3,A_08_030.jpg,Needle mark,True
images/Needle mark/00142.jpg,Needle mark,3,A_08_031.jpg,Needle mark,True
images/Needle mark/00143.jpg,Needle mark,3,A_08_032.jpg,Needle mark,True
images/Needle mark/00144.jpg,Needle mark,1,A_08_033.jpg,Needle mark,True
images/Needle mark/00145.jpg,Needle mark,4,A_08_034.jpg,Needle mark,True
images/Needle mark/00146.jpg,Needle mark,3,A_08_035.jpg,Needle mark,True
images/Needle mark/00147.jpg,Needle mark,3,A_08_036.jpg,Needle mark,True
images/Needle mark/00148.jpg,Needle mark,0,A_08_037.jpg,Needle mark,True
images/Needle mark/00149.jpg,Needle mark,2,A_08_038.jpg,Needle mark,True
images/Needle mark/00150.jpg,Needle mark,2,A_08_039.jpg,Needle mark,True
images/Needle mark/00151.jpg,Needle mark,3,A_08_040.jpg,Needle mark,True
images/Needle mark/00152.jpg,Needle mark,4,A_08_041.jpg,Needle mark,True
images/Needle mark/00153.jpg,Needle mark,3,A_08_042.jpg,Needle mark,True
images/Needle mark/00154.jpg,Needle mark,3,A_08_043.jpg,Needle mark,True
images/Needle mark/00155.jpg,Needle mark,3,A_08_044.jpg,Needle mark,True
images/Needle mark/00156.jpg,Needle mark,4,A_08_045.jpg,Needle mark,True
images/Needle mark/00157.jpg,Needle mark,1,A_08_046.jpg,Needle mark,True
images/Needle mark/00158.jpg,Needle mark,1,A_08_047.jpg,Needle mark,True
images/Needle mark/00159.jpg,Needle mark,2,A_08_048.jpg,Needle mark,True
images/Needle mark/00160.jpg,Needle mark,0,A_08_049.jpg,Needle mark,True
images/Needle mark/00161.jpg,Needle mark,1,A_08_050.jpg,Needle mark,True
images/Needle mark/00162.jpg,Needle mark,0,A_08_051.jpg,Needle mark,True
images/Needle mark/00163.jpg,Needle mark,2,A_08_052.jpg,Needle mark,True
images/Needle mark/00164.jpg,Needle mark,4,A_08_053.jpg,Needle mark,True
images/Needle mark/00165.jpg,Needle mark,2,A_08_054.jpg,Needle mark,True
images/Needle mark/00166.jpg,Needle mark,4,A_08_055.jpg,Needle mark,True
images/Needle mark/00167.jpg,Needle mark,0,A_08_056.jpg,Needle mark,True
images/Needle mark/00168.jpg,Needle mark,2,A_08_057.jpg,Needle mark,True
images/Needle mark/00169.jpg,Needle mark,2,A_08_058.jpg,Needle mark,True
images/Needle mark/00170.jpg,Needle mark,2,A_08_059.jpg,Needle mark,True
images/Needle mark/00171.jpg,Needle mark,3,A_08_060.jpg,Needle mark,True
images/Needle mark/00172.jpg,Needle mark,0,A_08_061.jpg,Needle mark,True
images/Needle mark/00173.jpg,Needle mark,4,A_08_062.jpg,Needle mark,True
images/Needle mark/00174.jpg,Needle mark,1,A_08_063.jpg,Needle mark,True
images/Needle mark/00175.jpg,Needle mark,3,A_08_064.jpg,Needle mark,True
images/Needle mark/00176.jpg,Needle mark,2,A_08_065.jpg,Needle mark,True
images/Needle mark/00177.jpg,Needle mark,1,A_08_066.jpg,Needle mark,True
images/Needle mark/00178.jpg,Needle mark,0,A_08_067.jpg,Needle mark,True
images/Needle mark/00179.jpg,Needle mark,1,A_08_068.jpg,Needle mark,True
images/Needle mark/00180.jpg,Needle mark,1,A_08_069.jpg,Needle mark,True
images/Needle mark/00181.jpg,Needle mark,2,A_08_070.jpg,Needle mark,True
images/Needle mark/00182.jpg,Needle mark,4,A_08_071.jpg,Needle mark,True
images/Needle mark/00183.jpg,Needle mark,4,A_08_072.jpg,Needle mark,True
images/Needle mark/00184.jpg,Needle mark,0,A_08_073.jpg,Needle mark,True
images/Needle mark/00185.jpg,Needle mark,2,A_08_074.jpg,Needle mark,True
images/Needle mark/00186.jpg,Needle mark,2,A_08_075.jpg,Needle mark,True
images/Needle mark/00187.jpg,Needle mark,2,A_08_076.jpg,Needle mark,True
images/Needle mark/00188.jpg,Needle mark,1,A_08_077.jpg,Needle mark,True
images/Needle mark/00189.jpg,Needle mark,0,A_08_078.jpg,Needle mark,True
images/Needle mark/00190.jpg,Needle mark,3,A_08_079.jpg,Needle mark,True
images/Needle mark/00191.jpg,Needle mark,0,A_08_080.jpg,Needle mark,True
images/Needle mark/00192.jpg,Needle mark,1,A_08_081.jpg,Needle mark,True
images/Needle mark/00193.jpg,Needle mark,0,A_08_082.jpg,Needle mark,True
images/Needle mark/00194.jpg,Needle mark,4,A_08_083.jpg,Needle mark,True
images/Needle mark/00195.jpg,Needle mark,0,A_08_084.jpg,Needle mark,True
images/Needle mark/00196.jpg,Needle mark,0,A_08_085.jpg,Needle mark,True
images/Needle mark/00197.jpg,Needle mark,3,A_08_086.jpg,Needle mark,True
images/Needle mark/00198.jpg,Needle mark,2,A_08_087.jpg,Needle mark,True
images/Needle mark/00199.jpg,Needle mark,3,A_08_088.jpg,Needle mark,True
images/Needle mark/00200.jpg,Needle mark,1,A_08_089.jpg,Needle mark,True
images/Needle mark/00201.jpg,Needle mark,3,A_08_090.jpg,Needle mark,True
images/Needle mark/00202.jpg,Needle mark,2,A_08_091.jpg,Needle mark,True
images/Needle mark/00203.jpg,Needle mark,1,A_08_092.jpg,Needle mark,True
images/Needle mark/00204.jpg,Needle mark,4,A_08_093.jpg,Needle mark,True
images/Needle mark/00205.jpg,Needle mark,2,A_08_094.jpg,Needle mark,True
images/Needle mark/00206.jpg,Needle mark,1,A_08_095.jpg,Needle mark,True
images/Needle mark/00207.jpg,Needle mark,2,A_08_096.jpg,Needle mark,True
images/Needle mark/00208.jpg,Needle mark,4,A_08_097.jpg,Needle mark,True
images/Needle mark/00209.jpg,Needle mark,1,A_08_098.jpg,Needle mark,True
images/Needle mark/00210.jpg,Needle mark,0,A_08_099.jpg,Needle mark,True
images/Needle mark/00211.jpg,Needle mark,3,A_08_100.jpg,Needle mark,True
images/Needle mark/00212.jpg,Needle mark,3,A_08_101.jpg,Needle mark,True
images/Needle mark/00213.jpg,Needle mark,0,A_08_102.jpg,Needle mark,True
images/Needle mark/00214.jpg,Needle mark,1,A_08_103.jpg,Needle mark,True
images/Needle mark/00215.jpg,Needle mark,1,A_08_104.jpg,Needle mark,True
images/Needle mark/00216.jpg,Needle mark,4,A_08_105.jpg,Needle mark,True
images/Needle mark/00217.jpg,Needle mark,4,A_08_106.jpg,Needle mark,True
images/Needle mark/00218.jpg,Needle mark,0,A_08_107.jpg,Needle mark,True
images/Needle mark/00219.jpg,Needle mark,1,A_08_108.jpg,Needle mark,True
images/Pinched fabric/00220.jpg,Pinched fabric,4,A_03_001.jpg,Pinched fabric,True
images/Pinched fabric/00221.jpg,Pinched fabric,1,A_03_002.jpg,Pinched fabric,True
images/Pinched fabric/00222.jpg,Pinched fabric,1,A_03_003.jpg,Pinched fabric,True
images/Pinched fabric/00223.jpg,Pinched fabric,0,A_03_004.jpg,Pinched fabric,True
images/Pinched fabric/00224.jpg,Pinched fabric,3,A_03_005.jpg,Pinched fabric,True
images/Pinched fabric/00225.jpg,Pinched fabric,4,A_03_006.jpg,Pinched fabric,True
images/Pinched fabric/00226.jpg,Pinched fabric,1,A_03_007.jpg,Pinched fabric,True
images/Pinched fabric/00227.jpg,Pinched fabric,0,A_03_008.jpg,Pinched fabric,True
images/Pinched fabric/00228.jpg,Pinched fabric,4,A_03_009.jpg,Pinched fabric,True
images/Pinched fabric/00229.jpg,Pinched fabric,0,A_03_010.jpg,Pinched fabric,True
images/Pinched fabric/00230.jpg,Pinched fabric,3,A_03_011.jpg,Pinched fabric,True
images/Pinched fabric/00231.jpg,Pinched fabric,4,A_03_012.jpg,Pinched fabric,True
images/Pinched fabric/00232.jpg,Pinched fabric,2,A_03_013.jpg,Pinched fabric,True
images/Pinched fabric/00233.jpg,Pinched fabric,0,A_03_014.jpg,Pinched fabric,True
images/Pinched fabric/00234.jpg,Pinched fabric,0,A_03_015.jpg,Pinched fabric,True
images/Pinched fabric/00235.jpg,Pinched fabric,1,A_03_016.jpg,Pinched fabric,True
images/Pinched fabric/00236.jpg,Pinched fabric,3,A_03_017.jpg,Pinched fabric,True
images/Pinched fabric/00237.jpg,Pinched fabric,1,A_03_018.jpg,Pinched fabric,True
images/Pinched fabric/00238.jpg,Pinched fabric,1,A_03_019.jpg,Pinched fabric,True
images/Pinched fabric/00239.jpg,Pinched fabric,4,A_03_020.jpg,Pinched fabric,True
images/Pinched fabric/00240.jpg,Pinched fabric,4,A_03_021.jpg,Pinched fabric,True
images/Pinched fabric/00241.jpg,Pinched fabric,2,A_03_022.jpg,Pinched fabric,True
images/Pinched fabric/00242.jpg,Pinched fabric,2,A_03_023.jpg,Pinched fabric,True
images/Pinched fabric/00243.jpg,Pinched fabric,0,A_03_024.jpg,Pinched fabric,True
images/Pinched fabric/00244.jpg,Pinched fabric,4,A_03_025.jpg,Pinched fabric,True
images/Pinched fabric/00245.jpg,Pinched fabric,3,A_03_026.jpg,Pinched fabric,True
images/Pinched fabric/00246.jpg,Pinched fabric,2,A_03_027.jpg,Pinched fabric,True
images/Pinched fabric/00247.jpg,Pinched fabric,0,A_03_028.jpg,Pinched fabric,True
images/Pinched fabric/00248.jpg,Pinched fabric,2,A_03_029.jpg,Pinched fabric,True
images/Pinched fabric/00249.jpg,Pinched fabric,2,A_03_030.jpg,Pinched fabric,True
images/Pinched fabric/00250.jpg,Pinched fabric,0,A_03_031.jpg,Pinched fabric,True
images/Pinched fabric/00251.jpg,Pinched fabric,3,A_03_032.jpg,Pinched fabric,True
images/Pinched fabric/00252.jpg,Pinched fabric,0,A_03_033.jpg,Pinched fabric,True
images/Pinched fabric/00253.jpg,Pinched fabric,1,A_03_034.jpg,Pinched fabric,True
images/Pinched fabric/00254.jpg,Pinched fabric,2,A_03_035.jpg,Pinched fabric,True
images/Pinched fabric/00255.jpg,Pinched fabric,2,A_03_036.jpg,Pinched fabric,True
images/Pinched fabric/00256.jpg,Pinched fabric,1,A_03_037.jpg,Pinched fabric,True
images/Pinched fabric/00257.jpg,Pinched fabric,2,A_03_038.jpg,Pinched fabric,True
images/Pinched fabric/00258.jpg,Pinched fabric,2,A_03_039.jpg,Pinched fabric,True
images/Pinched fabric/00259.jpg,Pinched fabric,3,A_03_040.jpg,Pinched fabric,True
images/Pinched fabric/00260.jpg,Pinched fabric,4,A_03_041.jpg,Pinched fabric,True
images/Pinched fabric/00261.jpg,Pinched fabric,3,A_03_042.jpg,Pinched fabric,True
images/Pinched fabric/00262.jpg,Pinched fabric,0,A_03_043.jpg,Pinched fabric,True
images/Pinched fabric/00263.jpg,Pinched fabric,4,A_03_044.jpg,Pinched fabric,True
images/Pinched fabric/00264.jpg,Pinched fabric,2,A_03_045.jpg,Pinched fabric,True
images/Pinched fabric/00265.jpg,Pinched fabric,3,A_03_046.jpg,Pinched fabric,True
images/Pinched fabric/00266.jpg,Pinched fabric,4,A_03_047.jpg,Pinched fabric,True
images/Pinched fabric/00267.jpg,Pinched fabric,4,A_03_048.jpg,Pinched fabric,True
images/Pinched fabric/00268.jpg,Pinched fabric,3,A_03_049.jpg,Pinched fabric,True
images/Pinched fabric/00269.jpg,Pinched fabric,2,A_03_050.jpg,Pinched fabric,True
images/Pinched fabric/00270.jpg,Pinched fabric,2,A_03_051.jpg,Pinched fabric,True
images/Pinched fabric/00271.jpg,Pinched fabric,3,A_03_052.jpg,Pinched fabric,True
images/Pinched fabric/00272.jpg,Pinched fabric,1,A_03_053.jpg,Pinched fabric,True
images/Pinched fabric/00273.jpg,Pinched fabric,1,A_03_054.jpg,Pinched fabric,True
images/Pinched fabric/00274.jpg,Pinched fabric,0,A_03_055.jpg,Pinched fabric,True
images/Pinched fabric/00275.jpg,Pinched fabric,4,A_03_056.jpg,Pinched fabric,True
images/Pinched fabric/00276.jpg,Pinched fabric,4,A_03_057.jpg,Pinched fabric,True
images/Pinched fabric/00277.jpg,Pinched fabric,1,A_03_058.jpg,Pinched fabric,True
images/Pinched fabric/00278.jpg,Pinched fabric,0,A_03_059.jpg,Pinched fabric,True
images/Pinched fabric/00279.jpg,Pinched fabric,0,A_03_060.jpg,Pinched fabric,True
images/Pinched fabric/00280.jpg,Pinched fabric,2,A_03_061.jpg,Pinched fabric,True
images/Pinched fabric/00281.jpg,Pinched fabric,3,A_03_062.jpg,Pinched fabric,True
images/Pinched fabric/00282.jpg,Pinched fabric,0,A_03_063.jpg,Pinched fabric,True
images/Pinched fabric/00283.jpg,Pinched fabric,2,A_03_064.jpg,Pinched fabric,True
images/Pinched fabric/00284.jpg,Pinched fabric,2,A_03_065.jpg,Pinched fabric,True
images/Pinched fabric/00285.jpg,Pinched fabric,4,A_03_066.jpg,Pinched fabric,True
images/Pinched fabric/00286.jpg,Pinched fabric,0,A_03_067.jpg,Pinched fabric,True
images/Pinched fabric/00287.jpg,Pinched fabric,1,A_03_068.jpg,Pinched fabric,True
images/Pinched fabric/00288.jpg,Pinched fabric,1,A_03_069.jpg,Pinched fabric,True
images/Pinched fabric/00289.jpg,Pinched fabric,1,A_03_070.jpg,Pinched fabric,True
images/Pinched fabric/00290.jpg,Pinched fabric,2,A_03_071.jpg,Pinched fabric,True
images/Pinched fabric/00291.jpg,Pinched fabric,2,A_03_072.jpg,Pinched fabric,True
images/Pinched fabric/00292.jpg,Pinched fabric,4,A_03_073.jpg,Pinched fabric,True
images/Pinched fabric/00293.jpg,Pinched fabric,0,A_03_074.jpg,Pinched fabric,True
images/Pinched fabric/00294.jpg,Pinched fabric,1,A_03_075.jpg,Pinched fabric,True
images/Pinched fabric/00295.jpg,Pinched fabric,1,A_03_076.jpg,Pinched fabric,True
images/Pinched fabric/00296.jpg,Pinched fabric,1,A_03_077.jpg,Pinched fabric,True
images/Pinched fabric/00297.jpg,Pinched fabric,2,A_03_078.jpg,Pinched fabric,True
images/Pinched fabric/00298.jpg,Pinched fabric,3,A_03_079.jpg,Pinched fabric,True
images/Pinched fabric/00299.jpg,Pinched fabric,4,A_03_080.jpg,Pinched fabric,True
images/Pinched fabric/00300.jpg,Pinched fabric,3,A_03_081.jpg,Pinched fabric,True
images/Pinched fabric/00301.jpg,Pinched fabric,3,A_03_082.jpg,Pinched fabric,True
images/Pinched fabric/00302.jpg,Pinched fabric,0,A_03_083.jpg,Pinched fabric,True
images/Pinched fabric/00303.jpg,Pinched fabric,1,A_03_084.jpg,Pinched fabric,True
images/Pinched fabric/00304.jpg,Pinched fabric,4,A_03_085.jpg,Pinched fabric,True
images/Pinched fabric/00305.jpg,Pinched fabric,0,A_03_086.jpg,Pinched fabric,True
images/Pinched fabric/00306.jpg,Pinched fabric,0,A_03_087.jpg,Pinched fabric,True
images/Pinched fabric/00307.jpg,Pinched fabric,3,A_03_088.jpg,Pinched fabric,True
images/Pinched fabric/00308.jpg,Pinched fabric,4,A_03_089.jpg,Pinched fabric,True
images/Pinched fabric/00309.jpg,Pinched fabric,2,A_03_090.jpg,Pinched fabric,True
images/Pinched fabric/00310.jpg,Pinched fabric,3,A_03_091.jpg,Pinched fabric,True
images/Pinched fabric/00311.jpg,Pinched fabric,0,A_03_092.jpg,Pinched fabric,True
images/Pinched fabric/00312.jpg,Pinched fabric,0,A_03_093.jpg,Pinched fabric,True
images/Pinched fabric/00313.jpg,Pinched fabric,3,A_03_094.jpg,Pinched fabric,True
images/Pinched fabric/00314.jpg,Pinched fabric,4,A_03_095.jpg,Pinched fabric,True
images/Pinched fabric/00315.jpg,Pinched fabric,3,A_03_096.jpg,Pinched fabric,True
images/Pinched fabric/00316.jpg,Pinched fabric,1,A_03_097.jpg,Pinched fabric,True
images/Pinched fabric/00317.jpg,Pinched fabric,1,A_03_098.jpg,Pinched fabric,True
images/Pinched fabric/00318.jpg,Pinched fabric,0,A_03_099.jpg,Pinched fabric,True
images/Pinched fabric/00319.jpg,Pinched fabric,2,A_03_100.jpg,Pinched fabric,True
images/Pinched fabric/00320.jpg,Pinched fabric,3,A_03_101.jpg,Pinched fabric,True
images/Pinched fabric/00321.jpg,Pinched fabric,2,A_03_102.jpg,Pinched fabric,True
images/Pinched fabric/00322.jpg,Pinched fabric,3,A_03_103.jpg,Pinched fabric,True
images/Pinched fabric/00323.jpg,Pinched fabric,4,A_03_104.jpg,Pinched fabric,True
images/Pinched fabric/00324.jpg,Pinched fabric,3,A_03_105.jpg,Pinched fabric,True
images/Pinched fabric/00325.jpg,Pinched fabric,1,A_03_106.jpg,Pinched fabric,True
images/Pinched fabric/00326.jpg,Pinched fabric,4,A_03_107.jpg,Pinched fabric,True
images/Pinched fabric/00327.jpg,Pinched fabric,1,A_03_108.jpg,Pinched fabric,True
images/Vertical/00328.jpg,Vertical,1,1.jpg,hole,False
images/Vertical/00329.jpg,Vertical,1,10.jpg,Vertical,True
images/Vertical/00330.jpg,Vertical,4,11.jpg,Vertical,True
images/Vertical/00331.jpg,Vertical,1,12.jpg,horizontal,False
images/Vertical/00332.jpg,Vertical,1,13.jpg,Vertical,True
images/Vertical/00333.jpg,Vertical,2,14.jpg,Vertical,True
images/Vertical/00334.jpg,Vertical,2,15.jpg,Vertical,True
images/Vertical/00335.jpg,Vertical,3,16.jpg,Vertical,True
images/Vertical/00336.jpg,Vertical,3,17.jpg,Vertical,True
images/Vertical/00337.jpg,Vertical,1,18.jpg,Vertical,True
images/Vertical/00338.jpg,Vertical,4,19.jpg,horizontal,False
images/Vertical/00339.jpg,Vertical,2,2.jpg,Vertical,True
images/Vertical/00340.jpg,Vertical,2,20.jpg,Vertical,True
images/Vertical/00341.jpg,Vertical,4,21.jpg,horizontal,False
images/Vertical/00342.jpg,Vertical,4,22.jpg,horizontal,False
images/Vertical/00343.jpg,Vertical,3,23.jpg,hole,False
images/Vertical/00344.jpg,Vertical,0,3.jpg,horizontal,False
images/Vertical/00345.jpg,Vertical,0,4.jpg,horizontal,False
images/Vertical/00346.jpg,Vertical,3,5.jpg,Vertical,True
images/Vertical/00347.jpg,Vertical,3,6.jpg,Vertical,True
images/Vertical/00348.jpg,Vertical,0,7.jpg,Vertical,True
images/Vertical/00349.jpg,Vertical,4,8.jpg,horizontal,False
images/Vertical/00350.jpg,Vertical,2,9.jpg,horizontal,False
images/Vertical/00351.jpg,Vertical,0,exp1_num_249594 - Copy.png,Vertical,True
images/Vertical/00352.jpg,Vertical,3,exp2_num_249619 - Copy.png,Vertical,True
images/Vertical/00353.jpg,Vertical,0,exp5_num_249786 - Copy.png,Vertical,True
images/Vertical/00354.jpg,Vertical,4,exp6_num_249821 - Copy.png,Vertical,True
images/defect free/00355.jpg,defect free,4,0001_000_00.png,defect free,True
images/defect free/00356.jpg,defect free,2,0001_000_01.png,defect free,True
images/defect free/00357.jpg,defect free,1,0001_000_02.png,defect free,True
images/defect free/00358.jpg,defect free,0,0001_000_03.png,defect free,True
images/defect free/00359.jpg,defect free,4,0001_000_04.png,defect free,True
images/defect free/00360.jpg,defect free,4,0001_000_05.png,defect free,True
images/defect free/00361.jpg,defect free,0,0001_000_06.png,defect free,True
images/defect free/00362.jpg,defect free,4,0002_000_00.png,defect free,True
images/defect free/00363.jpg,defect free,1,0002_000_01.png,defect free,True
images/defect free/00364.jpg,defect free,0,0002_000_02.png,defect free,True
images/defect free/00365.jpg,defect free,1,0002_000_03.png,defect free,True
images/defect free/00366.jpg,defect free,4,0002_000_04.png,defect free,True
images/defect free/00367.jpg,defect free,4,0002_000_05.png,defect free,True
images/defect free/00368.jpg,defect free,4,0002_000_06.png,defect free,True
images/defect free/00369.jpg,defect free,0,0003_000_00.png,defect free,True
images/defect free/00370.jpg,defect free,0,0003_000_01.png,defect free,True
images/defect free/00371.jpg,defect free,4,0003_000_02.png,defect free,True
images/defect free/00372.jpg,defect free,4,0003_000_03.png,defect free,True
images/defect free/00373.jpg,defect free,2,0003_000_04.png,defect free,True
images/defect free/00374.jpg,defect free,1,0003_000_05.png,defect free,True
images/defect free/00375.jpg,defect free,1,0003_000_06.png,defect free,True
images/defect free/00376.jpg,defect free,4,0004_000_00.png,defect free,True
images/defect free/00377.jpg,defect free,3,0004_000_01.png,defect free,True
images/defect free/00378.jpg,defect free,3,0004_000_02.png,defect free,True
images/defect free/00379.jpg,defect free,3,0004_000_03.png,defect free,True
images/defect free/00380.jpg,defect free,1,0004_000_04.png,defect free,True
images/defect free/00381.jpg,defect free,4,0004_000_05.png,defect free,True
images/defect free/00382.jpg,defect free,4,0004_000_06.png,defect free,True
images/defect free/00383.jpg,defect free,3,0005_000_00.png,defect free,True
images/defect free/00384.jpg,defect free,3,0005_000_01.png,defect free,True
images/defect free/00385.jpg,defect free,4,0005_000_02.png,defect free,True
images/defect free/00386.jpg,defect free,1,0005_000_03.png,defect free,True
images/defect free/00387.jpg,defect free,0,0005_000_04.png,defect free,True
images/defect free/00388.jpg,defect free,4,0005_000_05.png,defect free,True
images/defect free/00389.jpg,defect free,4,0005_000_06.png,defect free,True
images/defect free/00390.jpg,defect free,2,0006_000_00.png,defect free,True
images/defect free/00391.jpg,defect free,4,0006_000_01.png,defect free,True
images/defect free/00392.jpg,defect free,0,0006_000_02.png,defect free,True
images/defect free/00393.jpg,defect free,4,0006_000_03.png,defect free,True
images/defect free/00394.jpg,defect free,4,0006_000_04.png,defect free,True
images/defect free/00395.jpg,defect free,0,0006_000_05.png,defect free,True
images/defect free/00396.jpg,defect free,4,0006_000_06.png,defect free,True
images/defect free/00397.jpg,defect free,4,0007_000_00.png,defect free,True
images/defect free/00398.jpg,defect free,0,0007_000_01.png,defect free,True
images/defect free/00399.jpg,defect free,2,0007_000_02.png,defect free,True
images/defect free/00400.jpg,defect free,1,0007_000_03.png,defect free,True
images/defect free/00401.jpg,defect free,4,0007_000_04.png,defect free,True
images/defect free/00402.jpg,defect free,2,0007_000_05.png,defect free,True
images/defect free/00403.jpg,defect free,4,0007_000_06.png,defect free,True
images/defect free/00404.jpg,defect free,2,0008_000_00.png,defect free,True
images/defect free/00405.jpg,defect free,0,0008_000_01.png,defect free,True
images/defect free/00406.jpg,defect free,4,0008_000_02.png,defect free,True
images/defect free/00407.jpg,defect free,2,0008_000_03.png,defect free,True
images/defect free/00408.jpg,defect free,1,0008_000_04.png,defect free,True
images/defect free/00409.jpg,defect free,0,0008_000_05.png,defect free,True
images/defect free/00410.jpg,defect free,2,0008_000_06.png,defect free,True
images/defect free/00411.jpg,defect free,2,0009_000_00.png,defect free,True
images/defect free/00412.jpg,defect free,0,0009_000_01.png,defect free,True
images/defect free/00413.jpg,defect free,3,0009_000_02.png,defect free,True
images/defect free/00414.jpg,defect free,2,0009_000_03.png,defect free,True
images/defect free/00415.jpg,defect free,3,0009_000_04.png,defect free,True
images/defect free/00416.jpg,defect free,3,0009_000_05.png,defect free,True
images/defect free/00417.jpg,defect free,4,0009_000_06.png,defect free,True
images/defect free/00418.jpg,defect free,4,0010_000_00.png,defect free,True
images/defect free/00419.jpg,defect free,4,0010_000_01.png,defect free,True
images/defect free/00420.jpg,defect free,2,0010_000_02.png,defect free,True
images/defect free/00421.jpg,defect free,4,0010_000_03.png,defect free,True
images/defect free/00422.jpg,defect free,1,0010_000_04.png,defect free,True
images/defect free/00423.jpg,defect free,3,0010_000_05.png,defect free,True
images/defect free/00424.jpg,defect free,1,0010_000_06.png,defect free,True
images/defect free/00425.jpg,defect free,0,0011_000_00.png,defect free,True
images/defect free/00426.jpg,defect free,1,0011_000_01.png,defect free,True
images/defect free/00427.jpg,defect free,4,0011_000_02.png,defect free,True
images/defect free/00428.jpg,defect free,0,0011_000_03.png,defect free,True
images/defect free/00429.jpg,defect free,1,0011_000_04.png,defect free,True
images/defect free/00430.jpg,defect free,3,0011_000_05.png,defect free,True
images/defect free/00431.jpg,defect free,2,0011_000_06.png,defect free,True
images/defect free/00432.jpg,defect free,4,0012_000_00.png,defect free,True
images/defect free/00433.jpg,defect free,4,0012_000_01.png,defect free,True
images/defect free/00434.jpg,defect free,1,0012_000_02.png,defect free,True
images/defect free/00435.jpg,defect free,1,0012_000_03.png,defect free,True
images/defect free/00436.jpg,defect free,4,0012_000_04.png,defect free,True
images/defect free/00437.jpg,defect free,3,0012_000_05.png,defect free,True
images/defect free/00438.jpg,defect free,4,0012_000_06.png,defect free,True
images/defect free/00439.jpg,defect free,0,0013_000_00.png,defect free,True
images/defect free/00440.jpg,defect free,4,0013_000_01.png,defect free,True
images/defect free/00441.jpg,defect free,4,0013_000_02.png,defect free,True
images/defect free/00442.jpg,defect free,3,0013_000_03.png,defect free,True
images/defect free/00443.jpg,defect free,2,0013_000_04.png,defect free,True
images/defect free/00444.jpg,defect free,4,0013_000_05.png,defect free,True
images/defect free/00445.jpg,defect free,1,0013_000_06.png,defect free,True
images/defect free/00446.jpg,defect free,4,0014_000_00.png,defect free,True
images/defect free/00447.jpg,defect free,0,0014_000_01.png,defect free,True
images/defect free/00448.jpg,defect free,0,0014_000_02.png,defect free,True
images/defect free/00449.jpg,defect free,4,0014_000_03.png,defect free,True
images/defect free/00450.jpg,defect free,1,0014_000_04.png,defect free,True
images/defect free/00451.jpg,defect free,1,0014_000_05.png,defect free,True
images/defect free/00452.jpg,defect free,4,0014_000_06.png,defect free,True
images/defect free/00453.jpg,defect free,3,0015_000_00.png,defect free,True
images/defect free/00454.jpg,defect free,1,0015_000_01.png,defect free,True
images/defect free/00455.jpg,defect free,0,0015_000_02.png,defect free,True
images/defect free/00456.jpg,defect free,3,0015_000_03.png,defect free,True
images/defect free/00457.jpg,defect free,3,0015_000_04.png,defect free,True
images/defect free/00458.jpg,defect free,2,0015_000_05.png,defect free,True
images/defect free/00459.jpg,defect free,4,0015_000_06.png,defect free,True
images/defect free/00460.jpg,defect free,0,0016_000_00.png,defect free,True
images/defect free/00461.jpg,defect free,0,0016_000_01.png,defect free,True
images/defect free/00462.jpg,defect free,0,0016_000_02.png,defect free,True
images/defect free/00463.jpg,defect free,3,0016_000_03.png,defect free,True
images/defect free/00464.jpg,defect free,4,0016_000_04.png,defect free,True
images/defect free/00465.jpg,defect free,1,0016_000_05.png,defect free,True
images/defect free/00466.jpg,defect free,1,0016_000_06.png,defect free,True
images/defect free/00467.jpg,defect free,4,0017_000_00.png,defect free,True
images/defect free/00468.jpg,defect free,0,0017_000_01.png,defect free,True
images/defect free/00469.jpg,defect free,4,0017_000_02.png,defect free,True
images/defect free/00470.jpg,defect free,4,0017_000_03.png,defect free,True
images/defect free/00471.jpg,defect free,1,0017_000_04.png,defect free,True
images/defect free/00472.jpg,defect free,2,0017_000_05.png,defect free,True
images/defect free/00473.jpg,defect free,2,0017_000_06.png,defect free,True
images/defect free/00474.jpg,defect free,3,0018_000_00.png,defect free,True
images/defect free/00475.jpg,defect free,0,0018_000_01.png,defect free,True
images/defect free/00476.jpg,defect free,3,0018_000_02.png,defect free,True
images/defect free/00477.jpg,defect free,3,0018_000_03.png,defect free,True
images/defect free/00478.jpg,defect free,0,0018_000_04.png,defect free,True
images/defect free/00479.jpg,defect free,3,0018_000_05.png,defect free,True
images/defect free/00480.jpg,defect free,4,0018_000_06.png,defect free,True
images/defect free/00481.jpg,defect free,0,0018_00_01.png,defect free,True
images/defect free/00482.jpg,defect free,3,0019_000_00.png,defect free,True
images/defect free/00483.jpg,defect free,1,0019_000_01.png,defect free,True
images/defect free/00484.jpg,defect free,3,0019_000_02.png,defect free,True
images/defect free/00485.jpg,defect free,4,0019_000_03.png,defect free,True
images/defect free/00486.jpg,defect free,0,0019_000_04.png,defect free,True
images/defect free/00487.jpg,defect free,1,0019_000_05.png,defect free,True
images/defect free/00488.jpg,defect free,1,0019_000_06.png,defect free,True
images/defect free/00489.jpg,defect free,1,0020_000_00.png,defect free,True
images/defect free/00490.jpg,defect free,0,0020_000_01.png,defect free,True
images/defect free/00491.jpg,defect free,0,0020_000_02.png,defect free,True
images/defect free/00492.jpg,defect free,1,0020_000_03.png,defect free,True
images/defect free/00493.jpg,defect free,1,0020_000_04.png,defect free,True
images/defect free/00494.jpg,defect free,1,0020_000_05.png,defect free,True
images/defect free/00495.jpg,defect free,0,0020_000_06.png,defect free,True
images/defect free/00496.jpg,defect free,2,0032baf23e21f7350937506873.jpg,defect free,True
images/defect free/00497.jpg,defect free,2,003dd93df616cc5a0947205376.jpg,defect free,True
images/defect free/00498.jpg,defect free,4,0054b76db19ce3f51301044964.jpg,defect free,True
images/defect free/00499.jpg,defect free,1,0064b04d2fac78391315300662.jpg,defect free,True
images/defect free/00500.jpg,defect free,3,006db0539d23543d0933467711.jpg,defect free,True
images/defect free/00501.jpg,defect free,1,00bbd1e4925073350900447056.jpg,defect free,True
images/defect free/00502.jpg,defect free,2,00bd30945ae5fb701316505594.jpg,defect free,True
images/defect free/00503.jpg,defect free,4,00ca9ed7df8a72c20943584745.jpg,defect free,True
images/defect free/00504.jpg,defect free,1,00e687ba9dede3141057542136.jpg,defect free,True
images/defect free/00505.jpg,defect free,0,010ec075a90a44f11630314333.jpg,defect free,True
images/defect free/00506.jpg,defect free,0,01a2c80a9b760c4a0948039082.jpg,defect free,True
images/defect free/00507.jpg,defect free,4,01a94c9cdafe8c6a1330487011.jpg,defect free,True
images/defect free/00508.jpg,defect free,4,01b042030c76d4cc1057440433.jpg,defect free,True
images/defect free/00509.jpg,defect free,4,01c8c576f9c9f0a80944427783.jpg,defect free,True
images/defect free/00510.jpg,defect free,2,01ee140a884d7c5a1427032603.jpg,defect free,True
images/defect free/00511.jpg,defect free,3,01f66dff6749c5931249171632.jpg,defect free,True
images/defect free/00512.jpg,defect free,1,01fdf4eced45b1b81336361321.jpg,defect free,True
images/defect free/00513.jpg,defect free,1,0216fe6b5d3146ad1355551492.jpg,defect free,True
images/defect free/00514.jpg,defect free,1,022b2e2bd0d0877c0816115783.jpg,defect free,True
images/defect free/00515.jpg,defect free,4,028364af97fabbae0802285815.jpg,defect free,True
images/defect free/00516.jpg,defect free,1,02990142a31bc8560847150035.jpg,defect free,True
images/defect free/00517.jpg,defect free,0,036dd9131e7a2cd90820153515.jpg,defect free,True
images/defect free/00518.jpg,defect free,3,036f7007f27e5a2b1606558184.jpg,defect free,True
images/defect free/00519.jpg,defect free,2,03991558d2e244cb0858431304.jpg,defect free,True
images/defect free/00520.jpg,defect free,1,03b9438ca656ce200933279971.jpg,defect free,True
images/defect free/00521.jpg,defect free,4,03fff88ec175924e0836025933.jpg,defect free,True
images/defect free/00522.jpg,defect free,2,0408cd4eeaf4fc121203104846.jpg,defect free,True
images/defect free/00523.jpg,defect free,2,041a8ba3bf1261fb0938249572.jpg,defect free,True
images/defect free/00524.jpg,defect free,0,043a8f2cdd3bc5361232141026.jpg,defect free,True
images/defect free/00525.jpg,defect free,0,046e2080c1c92b4f0839497422.jpg,defect free,True
images/defect free/00526.jpg,defect free,0,04fd457540e595531006031781.jpg,defect free,True
images/defect free/00527.jpg,defect free,4,0526e526baab17200830084844.jpg,defect free,True
images/defect free/00528.jpg,defect free,0,052a0e8ac3831a8e0851057644.jpg,defect free,True
images/defect free/00529.jpg,defect free,1,0559f6176981d6cd1209158581.jpg,defect free,True
images/defect free/00530.jpg,defect free,1,05efb5ce2a545aeb1050031541.jpg,defect free,True
images/defect free/00531.jpg,defect free,4,0615ed737d2c3e0f1509102295.jpg,defect free,True
images/defect free/00532.jpg,defect free,1,0619ac2622c309181200237053.jpg,defect free,True
images/defect free/00533.jpg,defect free,1,06a54fa4471262390952538623.jpg,defect free,True
images/defect free/00534.jpg,defect free,2,0711d76a302cfca10914020662.jpg,defect free,True
images/defect free/00535.jpg,defect free,0,073b568db214906d1336263543.jpg,defect free,True
images/defect free/00536.jpg,defect free,0,075823af8f5657c70840131216.jpg,defect free,True
images/defect free/00537.jpg,defect free,0,077d6b9c853fb16b1033115415.jpg,defect free,True
images/defect free/00538.jpg,defect free,4,078ac899d33c85ce0801030282.jpg,defect free,True
images/defect free/00539.jpg,defect free,1,07a3aa0679059b5a0943521846.jpg,defect free,True
images/defect free/00540.jpg,defect free,1,07b97059618a52270845385583.jpg,defect free,True
images/defect free/00541.jpg,defect free,0,080818331d3bb71c0948341616.jpg,defect free,True
images/defect free/00542.jpg,defect free,4,080dbde1257003b51030077924.jpg,defect free,True
images/defect free/00543.jpg,defect free,0,0818879a8e7529680848321031.jpg,defect free,True
images/defect free/00544.jpg,defect free,3,08899f38de8b46e11534061344.jpg,defect free,True
images/defect free/00545.jpg,defect free,0,08a604008847a22b1027533583.jpg,defect free,True
images/defect free/00546.jpg,defect free,3,08cbb259039638161235506686.jpg,defect free,True
images/defect free/00547.jpg,defect free,4,08cbe8cbc0b67faa0838099061.jpg,defect free,True
images/defect free/00548.jpg,defect free,3,08dfcc16ef87aa781018304252.jpg,defect free,True
images/defect free/00549.jpg,defect free,3,08e143ee7b1d13ca0943121352.jpg,defect free,True
images/defect free/00550.jpg,defect free,3,08fe68bfb8989bb31419118294.jpg,defect free,True
images/defect free/00551.jpg,defect free,2,09462c6d2c6ab5020939252852.jpg,defect free,True
images/defect free/00552.jpg,defect free,2,0949e00f65ad41ca1332208371.jpg,defect free,True
images/defect free/00553.jpg,defect free,1,096b3ef9df321a880940458611.jpg,defect free,True
images/defect free/00554.jpg,defect free,4,097a3a12f89595aa0835459662.jpg,defect free,True
images/defect free/00555.jpg,defect free,3,098f8707886cac3a0945412043.jpg,defect free,True
images/defect free/00556.jpg,defect free,2,09a17cd181cbf2cc0832118232.jpg,defect free,True
images/defect free/00557.jpg,defect free,0,09a78ad80d7484d41222352782.jpg,defect free,True
images/defect free/00558.jpg,defect free,4,09b42484b76f05370947299432.jpg,defect free,True
images/defect free/00559.jpg,defect free,1,09b7f9f87487008c0911514053.jpg,defect free,True
images/defect free/00560.jpg,defect free,0,09d8e516dc7c158a0827023716.jpg,defect free,True
images/defect free/00561.jpg,defect free,1,0a297143a1330b381531520055.jpg,defect free,True
images/defect free/00562.jpg,defect free,3,0a42484bbb3611461054187776.jpg,defect free,True
images/defect free/00563.jpg,defect free,4,0a710af85aca048e0828541034.jpg,defect free,True
images/defect free/00564.jpg,defect free,3,0addfbb5fd1b78c00939372175.jpg,defect free,True
images/defect free/00565.jpg,defect free,2,0b3909e21777032a1050031812.jpg,defect free,True
images/defect free/00566.jpg,defect free,3,0b48b885e2586d2f0943121081.jpg,defect free,True
images/defect free/00567.jpg,defect free,1,0b595d337713cfec0835288516.jpg,defect free,True
images/defect free/00568.jpg,defect free,4,0b997c57267191ed0940459143.jpg,defect free,True
images/defect free/00569.jpg,defect free,3,0bb3ad723459bb351313490906.jpg,defect free,True
images/defect free/00570.jpg,defect free,4,0bdd61c7c9709b3a1339325225.jpg,defect free,True
images/defect free/00571.jpg,defect free,2,0bf963f84295b0480824171832.jpg,defect free,True
images/defect free/00572.jpg,defect free,2,0c16fcc4fff10e5c0936100874.jpg,defect free,True
images/defect free/00573.jpg,defect free,2,0c2635281be8ab7d1238525534.jpg,defect free,True
images/defect free/00574.jpg,defect free,2,0c476d6dc2367a9f0912239891.jpg,defect free,True
images/defect free/00575.jpg,defect free,3,0c48f59abe9604e50945275045.jpg,defect free,True
images/defect free/00576.jpg,defect free,3,0ca7967948ff4a0d1048071305.jpg,defect free,True
images/defect free/00577.jpg,defect free,0,0cb9507a93fb73121232266452.jpg,defect free,True
images/defect free/00578.jpg,defect free,3,0cc8dc48dd9cd4f21329507731.jpg,defect free,True
images/defect free/00579.jpg,defect free,1,0cc8df2194f0192d1353114035.jpg,defect free,True
images/defect free/00580.jpg,defect free,4,0cd44b30685dbfc40838473185.jpg,defect free,True
images/defect free/00581.jpg,defect free,4,0cdc1bf7685dccce0935217961.jpg,defect free,True
images/defect free/00582.jpg,defect free,4,0d1f202bc57e43ea0804413376.jpg,defect free,True
images/defect free/00583.jpg,defect free,3,0d72f114e34ae0271339324683.jpg,defect free,True
images/defect free/00584.jpg,defect free,4,0de94cbaf2d3c2d21010010806.jpg,defect free,True
images/defect free/00585.jpg,defect free,4,0defeb0d48f5d6961251351906.jpg,defect free,True
images/defect free/00586.jpg,defect free,0,0e0076ccbe4dfa920902475424.jpg,defect free,True
images/defect free/00587.jpg,defect free,3,0e24b4a58674cd730832575613.jpg,defect free,True
images/defect free/00588.jpg,defect free,1,0e279141bd06a3250934364833.jpg,defect free,True
images/defect free/00589.jpg,defect free,2,0e28071cb38a65150820152983.jpg,defect free,True
images/defect free/00590.jpg,defect free,1,0e307dc8543eb24c0921181785.jpg,defect free,True
images/defect free/00591.jpg,defect free,3,0e41327a4f2932f51045021316.jpg,defect free,True
images/defect free/00592.jpg,defect free,1,0e5620f331a5f5e01302491971.jpg,defect free,True
images/defect free/00593.jpg,defect free,3,0e813a81bec344750833527673.jpg,defect free,True
images/defect free/00594.jpg,defect free,0,0e9bbc68155384040830173216.jpg,defect free,True
images/defect free/00595.jpg,defect free,3,0eaf9d9c47f999960817439173.jpg,defect free,True
images/defect free/00596.jpg,defect free,0,0ec2a657a2eead431045328736.jpg,defect free,True
images/defect free/00597.jpg,defect free,3,0ee2b8def85047860833529256.jpg,defect free,True
images/defect free/00598.jpg,defect free,2,0ee4ca2279f576961335118433.jpg,defect free,True
images/defect free/00599.jpg,defect free,4,0ef41469240b15d50943338476.jpg,defect free,True
images/defect free/00600.jpg,defect free,1,0f0a8f546c74d7240923255483.jpg,defect free,True
images/defect free/00601.jpg,defect free,1,0f33f6bb6e2cc9771339324091.jpg,defect free,True
images/defect free/00602.jpg,defect free,3,0f7e5011c71c81010805451953.jpg,defect free,True
images/defect free/00603.jpg,defect free,4,0fa357b123c517ed1359242076.jpg,defect free,True
images/defect free/00604.jpg,defect free,4,1.jpg,stain,False
images/defect free/00605.jpg,defect free,0,10.jpg,stain,False
images/defect free/00606.jpg,defect free,1,100b08765744f4271234223136.jpg,defect free,True
images/defect free/00607.jpg,defect free,2,100c813b5def84ee1302493316.jpg,defect free,True
images/defect free/00608.jpg,defect free,0,105c91fa915e646a1335257706.jpg,defect free,True
images/defect free/00609.jpg,defect free,4,1085a9e7b148381e1041192214.jpg,defect free,True
images/defect free/00610.jpg,defect free,1,108b9134852fef201024457814.jpg,defect free,True
images/defect free/00611.jpg,defect free,2,1092bd68c4b484761057440714.jpg,defect free,True
images/defect free/00612.jpg,defect free,4,1093ed38cd0c94570901575124.jpg,defect free,True
images/defect free/00613.jpg,defect free,2,109f52150923fc8f1503433314.jpg,defect free,True
images/defect free/00614.jpg,defect free,3,10cf852d520f88f21052412724.jpg,defect free,True
images/defect free/00615.jpg,defect free,2,10dcf41963e415210935218774.jpg,defect free,True
images/defect free/00616.jpg,defect free,3,11.jpg,stain,False
images/defect free/00617.jpg,defect free,2,1100d1eebd163a4b0943370152.jpg,defect free,True
images/defect free/00618.jpg,defect free,4,116ff371cbda63271241042313.jpg,defect free,True
images/defect free/00619.jpg,defect free,0,11800e8b06c5b37f0940213693.jpg,defect free,True
images/defect free/00620.jpg,defect free,2,1193bf1662a69a981221416922.jpg,defect free,True
images/defect free/00621.jpg,defect free,0,11a13cefdedba2420945274503.jpg,defect free,True
images/defect free/00622.jpg,defect free,2,12.jpg,defect free,True
images/defect free/00623.jpg,defect free,4,1215c97b412949e01341408343.jpg,defect free,True
images/defect free/00624.jpg,defect free,0,1235bee33b98eb2e0914171661.jpg,defect free,True
images/defect free/00625.jpg,defect free,1,124d4c57441763480836399025.jpg,defect free,True
images/defect free/00626.jpg,defect free,4,12624870015d9ae21316506146.jpg,defect free,True
images/defect free/00627.jpg,defect free,3,129a350c1fbb249d1235268981.jpg,defect free,True
images/defect free/00628.jpg,defect free,4,13.jpg,stain,False
images/defect free/00629.jpg,defect free,1,1311333e9d11b2cf1537443145.jpg,defect free,True
images/defect free/00630.jpg,defect free,4,135d8ef2c9b6be4c0843241112.jpg,defect free,True
images/defect free/00631.jpg,defect free,3,13757a04c51ab79f1345270733.jpg,defect free,True
images/defect free/00632.jpg,defect free,1,138b98d8f5ebf75c1534158954.jpg,defect free,True
images/defect free/00633.jpg,defect free,2,14.jpg,defect free,True
images/defect free/00634.jpg,defect free,2,14081687391c95401203461231.jpg,defect free,True
images/defect free/00635.jpg,defect free,3,141e436303dc6e060957335402.jpg,defect free,True
images/defect free/00636.jpg,defect free,3,14355a11031311f40913593512.jpg,defect free,True
images/defect free/00637.jpg,defect free,4,14d58c5898f6e48b0928452216.jpg,defect free,True
images/defect free/00638.jpg,defect free,0,15.jpg,stain,False
images/defect free/00639.jpg,defect free,4,151cd97f62a1cb410843241373.jpg,defect free,True
images/defect free/00640.jpg,defect free,0,15240e59fb55865d1047305855.jpg,defect free,True
images/defect free/00641.jpg,defect free,0,1531e81eb353daf31345270191.jpg,defect free,True
images/defect free/00642.jpg,defect free,0,153221be55ab2a8d0923026711.jpg,defect free,True
images/defect free/00643.jpg,defect free,4,154169072df34a990935125236.jpg,defect free,True
images/defect free/00644.jpg,defect free,0,1558a790919370921238214162.jpg,defect free,True
images/defect free/00645.jpg,defect free,2,155d20a8a2843b360801503883.jpg,defect free,True
images/defect free/00646.jpg,defect free,3,158e4e9aa2c1249c0851012683.jpg,defect free,True
images/defect free/00647.jpg,defect free,2,159073ac2576ff300935387365.jpg,defect free,True
images/defect free/00648.jpg,defect free,1,159f106fd19d73781634029674.jpg,defect free,True
images/defect free/00649.jpg,defect free,0,15b119fc7ad0f0a31629374245.jpg,defect free,True
images/defect free/00650.jpg,defect free,1,15e0efc976c3c0ab0829034521.jpg,defect free,True
images/defect free/00651.jpg,defect free,0,15ff179b830e4f930955528994.jpg,defect free,True
images/defect free/00652.jpg,defect free,0,16.jpg,stain,False
images/defect free/00653.jpg,defect free,2,160c3aaa6b1e1db20800495595.jpg,defect free,True
images/defect free/00654.jpg,defect free,1,161aa211682c9ece1341065711.jpg,defect free,True
images/defect free/00655.jpg,defect free,3,16235167de289ff41048071576.jpg,defect free,True
images/defect free/00656.jpg,defect free,2,1638b1cc905b63ab0945047282.jpg,defect free,True
images/defect free/00657.jpg,defect free,1,167d4d22a6fcc56d1339090952.jpg,defect free,True
images/defect free/00658.jpg,defect free,2,17.jpg,defect free,True
images/defect free/00659.jpg,defect free,2,1731838b281624560852285043.jpg,defect free,True
images/defect free/00660.jpg,defect free,4,173e9186ff9ac1f70858337303.jpg,defect free,True
images/defect free/00661.jpg,defect free,0,17448d91461707080805399244.jpg,hole,False
images/defect free/00662.jpg,defect free,1,1744e41be7805f140813438373.jpg,defect free,True
images/defect free/00663.jpg,defect free,1,17ca87c430046b910940213422.jpg,defect free,True
images/defect free/00664.jpg,defect free,4,18.jpg,stain,False
images/defect free/00665.jpg,defect free,4,1818f22590bbf2fc0905031533.jpg,defect free,True
images/defect free/00666.jpg,defect free,0,182e669c7904d78e1056480993.jpg,defect free,True
images/defect free/00667.jpg,defect free,2,18b6260587ba1f621226304201.jpg,defect free,True
images/defect free/00668.jpg,defect free,3,18c2a6b3876245dc0930444371.jpg,defect free,True
images/defect free/00669.jpg,defect free,1,18e25485cd3076331003155635.jpg,defect free,True
images/defect free/00670.jpg,defect free,2,18eb34748f15c7230835206755.jpg,defect free,True
images/defect free/00671.jpg,defect free,1,19.jpg,stain,False
images/defect free/00672.jpg,defect free,2,1914772bbd6bfd1b1446321515.jpg,defect free,True
images/defect free/00673.jpg,defect free,1,191daef3e0a4d1ba1531302722.jpg,defect free,True
images/defect free/00674.jpg,defect free,3,19280242639698720802420056.jpg,defect free,True
images/defect free/00675.jpg,defect free,2,195e4fb0efd66fd90839084872.jpg,defect free,True
images/defect free/00676.jpg,defect free,3,1981a1e32125d17a0916213383.jpg,defect free,True
images/defect free/00677.jpg,defect free,2,19843026eb821ce61330587543.jpg,defect free,True
images/defect free/00678.jpg,defect free,3,19946108d37d27be0852033241.jpg,defect free,True
images/defect free/00679.jpg,defect free,0,19dcb37a988341040855222183.jpg,defect free,True
images/defect free/00680.jpg,defect free,3,19f8c56dc3f3bf5e1340427933.jpg,defect free,True
images/defect free/00681.jpg,defect free,1,1a1ddd99a22a7d660918222763.jpg,defect free,True
images/defect free/00682.jpg,defect free,2,1a6b143fce6b73c91345446574.jpg,defect free,True
images/defect free/00683.jpg,defect free,2,1a8668f1225552211033286152.jpg,defect free,True
images/defect free/00684.jpg,defect free,4,1a8760be53730e580920045181.jpg,defect free,True
images/defect free/00685.jpg,defect free,0,1a897b1eb19e61220824171551.jpg,defect free,True
images/defect free/00686.jpg,defect free,4,1aacfd1a8bc872531636557353.jpg,defect free,True
images/defect free/00687.jpg,defect free,0,1aadc2c2fd5a0b320830172152.jpg,defect free,True
images/defect free/00688.jpg,defect free,2,1aae366099035f070822289912.jpg,defect free,True
images/defect free/00689.jpg,defect free,0,1acc7cb0d7a44f9b1344052743.jpg,defect free,True
images/defect free/00690.jpg,defect free,4,1adf62b0baec3ac00902213444.jpg,defect free,True
images/defect free/00691.jpg,defect free,4,1af38ebd4e300b4f1038332364.jpg,defect free,True
images/defect free/00692.jpg,defect free,1,1af54fe98fb833260923255754.jpg,defect free,True
images/defect free/00693.jpg,defect free,3,1b106842f23cee240841094562.jpg,defect free,True
images/defect free/00694.jpg,defect free,0,1b1fed6ab3d7ac791219590103.jpg,defect free,True
images/defect free/00695.jpg,defect free,0,1b32d0b7cb4da49c0916214186.jpg,defect free,True
images/defect free/00696.jpg,defect free,2,1b3e37359e541e831247074685.jpg,defect free,True
images/defect free/00697.jpg,defect free,2,1b5fc667497a40710910308042.jpg,defect free,True
images/defect free/00698.jpg,defect free,1,1b70bf37e3e822260824448286.jpg,defect free,True
images/defect free/00699.jpg,defect free,3,1b8e46153e0e59231201265212.jpg,defect free,True
images/defect free/00700.jpg,defect free,0,1b921402f907b2290939371352.jpg,defect free,True
images/defect free/00701.jpg,defect free,2,1be7012e8d3efac40830418025.jpg,defect free,True
images/defect free/00702.jpg,defect free,1,1bed086b40764e9c1004219512.jpg,defect free,True
images/defect free/00703.jpg,defect free,0,1c0be064f5b15ea41029543511.jpg,defect free,True
images/defect free/00704.jpg,defect free,0,1c8b15f3d61298de1043223325.jpg,defect free,True
images/defect free/00705.jpg,defect free,1,1c9b77a2fef9849c1248018061.jpg,defect free,True
images/defect free/00706.jpg,defect free,3,1c9d6fa2561695790854465535.jpg,defect free,True
images/defect free/00707.jpg,defect free,4,1d017166671e55e61643344051.jpg,defect free,True
images/defect free/00708.jpg,defect free,0,1d35f4b4db600c1a0801158591.jpg,defect free,True
images/defect free/00709.jpg,defect free,1,1d854f0b2f270b781039287616.jpg,defect free,True
images/defect free/00710.jpg,defect free,0,1dad7ed0c753e2b41341407001.jpg,defect free,True
images/defect free/00711.jpg,defect free,1,1db23067c401cf3d0942504472.jpg,defect free,True
images/defect free/00712.jpg,defect free,2,1db987c3fdd5012b1342033902.jpg,defect free,True
images/defect free/00713.jpg,defect free,2,1e293c5f534735041632258414.jpg,defect free,True
images/defect free/00714.jpg,defect free,4,1eebc82f17994fdf1223337804.jpg,defect free,True
images/defect free/00715.jpg,defect free,2,1eeee3298f8e82b70829035063.jpg,defect free,True
images/defect free/00716.jpg,defect free,1,1f3d9d59c0c766480828442636.jpg,defect free,True
images/defect free/00717.jpg,defect free,0,1f5dfa8af658f4640914417445.jpg,defect free,True
images/defect free/00718.jpg,defect free,4,1fa7c8738de759421219276085.jpg,defect free,True
images/defect free/00719.jpg,defect free,1,2.jpg,defect free,True
images/defect free/00720.jpg,defect free,1,20.jpg,stain,False
images/defect free/00721.jpg,defect free,0,2011b2ba8d8ebdb61057541313.jpg,defect free,True
images/defect free/00722.jpg,defect free,4,201e347d35f272851231466862.jpg,defect free,True
images/defect free/00723.jpg,defect free,0,203d2deafe1531201242285632.jpg,defect free,True
images/defect free/00724.jpg,defect free,3,2048c9053af02b5e0917024744.jpg,defect free,True
images/defect free/00725.jpg,defect free,2,2062ba65ab7964a90813187885.jpg,defect free,True
images/defect free/00726.jpg,defect free,1,20652aa8d34ad93f1236446671.jpg,defect free,True
images/defect free/00727.jpg,defect free,1,2098f72cf4c1f2360816254624.jpg,defect free,True
images/defect free/00728.jpg,defect free,1,20ef5c2e452daeca1346141182.jpg,defect free,True
images/defect free/00729.jpg,defect free,2,21.jpg,defect free,True
images/defect free/00730.jpg,defect free,1,211aab3ceda5ac980817187182.jpg,defect free,True
images/defect free/00731.jpg,defect free,4,2173f8d1aaa4e38d1345362265.jpg,defect free,True
images/defect free/00732.jpg,defect free,4,217f9980ea4febf80829405502.jpg,defect free,True
images/defect free/00733.jpg,defect free,1,21841b533ca649910904237872.jpg,defect free,True
images/defect free/00734.jpg,defect free,0,2190fa4cbebda66d1007568724.jpg,defect free,True
images/defect free/00735.jpg,defect free,3,21a1e5eaa4c85ccc0828146816.jpg,defect free,True
images/defect free/00736.jpg,defect free,3,21b0c2ce0faac37c0930444913.jpg,defect free,True
images/defect free/00737.jpg,defect free,4,21be2d9effdc1e7b0841029983.jpg,defect free,True
images/defect free/00738.jpg,defect free,1,21ff5c6ea1312b4e1306390291.jpg,defect free,True
images/defect free/00739.jpg,defect free,0,22.jpg,stain,False
images/defect free/00740.jpg,defect free,0,2204da1e8980dfed0800494792.jpg,defect free,True
images/defect free/00741.jpg,defect free,4,2222af4bc89c01fd0853531051.jpg,defect free,True
images/defect free/00742.jpg,defect free,3,223aab26f90713f60844282533.jpg,defect free,True
images/defect free/00743.jpg,defect free,4,225764ed864ddb720801160716.jpg,defect free,True
images/defect free/00744.jpg,defect free,2,229d5fd09022ebbf0947028392.jpg,defect free,True
images/defect free/00745.jpg,defect free,2,22d4d262d82ddee91241583493.jpg,defect free,True
images/defect free/00746.jpg,defect free,2,22dc46ab5604e7eb0853371531.jpg,defect free,True
images/defect free/00747.jpg,defect free,4,23.jpg,stain,False
images/defect free/00748.jpg,defect free,1,2312b470ea4654031230097453.jpg,defect free,True
images/defect free/00749.jpg,defect free,4,233afd1eafa3056d0941584215.jpg,defect free,True
images/defect free/00750.jpg,defect free,0,235211a3f650d9081032084574.jpg,defect free,True
images/defect free/00751.jpg,defect free,3,235b077af271c6b51427032051.jpg,defect free,True
images/defect free/00752.jpg,defect free,4,2370b14ed0ede2230902213173.jpg,defect free,True
images/defect free/00753.jpg,defect free,1,23a6e743b19b343a0904123962.jpg,defect free,True
images/defect free/00754.jpg,defect free,2,23b93400111c1be71627430161.jpg,defect free,True
images/defect free/00755.jpg,defect free,2,23e3fb849fc560f11512091994.jpg,defect free,True
images/defect free/00756.jpg,defect free,3,24.jpg,stain,False
images/defect free/00757.jpg,defect free,3,244fbb444fb4caa81225426952.jpg,defect free,True
images/defect free/00758.jpg,defect free,4,2459b02d867f8e1e1437296715.jpg,defect free,True
images/defect free/00759.jpg,defect free,4,247ef74c851f42330847381875.jpg,defect free,True
images/defect free/00760.jpg,defect free,2,248f7443cf30e4541506154994.jpg,defect free,True
images/defect free/00761.jpg,defect free,2,2496692a79992eaa0935123811.jpg,defect free,True
images/defect free/00762.jpg,defect free,0,24ab2242ba2c44d00854360115.jpg,defect free,True
images/defect free/00763.jpg,defect free,1,24b241d52a57821c1056066074.jpg,defect free,True
images/defect free/00764.jpg,defect free,0,24d2ac82c952790b1156587702.jpg,defect free,True
images/defect free/00765.jpg,defect free,2,25.jpg,stain,False
images/defect free/00766.jpg,defect free,1,253c854af7ad49150944428325.jpg,defect free,True
images/defect free/00767.jpg,defect free,0,25519b63b5d651081051362813.jpg,defect free,True
images/defect free/00768.jpg,defect free,0,257c9bd7bdde27e61539304492.jpg,defect free,True
images/defect free/00769.jpg,defect free,1,2595d334043913270846201595.jpg,defect free,True
images/defect free/00770.jpg,defect free,3,259f6e7c3dbfdcdd1233504914.jpg,defect free,True
images/defect free/00771.jpg,defect free,1,259ff1da883a7e4f0825131192.jpg,defect free,True
images/defect free/00772.jpg,defect free,0,25c38677803917991631339751.jpg,defect free,True
images/defect free/00773.jpg,defect free,2,25c54bd352538daf0830002674.jpg,defect free,True
images/defect free/00774.jpg,defect free,4,25d1a5b1b7eb8ac81000124763.jpg,defect free,True
images/defect free/00775.jpg,defect free,2,25d2b42e37dc24d70917316722.jpg,defect free,True
images/defect free/00776.jpg,defect free,1,25e384d402fcc8981056570085.jpg,defect free,True
images/defect free/00777.jpg,defect free,3,25ea1944d38e975a1006490051.jpg,defect free,True
images/defect free/00778.jpg,defect free,4,26.jpg,defect free,True
images/defect free/00779.jpg,defect free,2,266279fcf18121980905044645.jpg,defect free,True
images/defect free/00780.jpg,defect free,4,26674566434dfa8a1219095384.jpg,defect free,True
images/defect free/00781.jpg,defect free,1,2674c49fbfbffb2c1028312162.jpg,defect free,True
images/defect free/00782.jpg,defect free,1,267aebe83b4570ca1449252132.jpg,defect free,True
images/defect free/00783.jpg,defect free,3,26ab5fd79fd16ac51042392903.jpg,defect free,True
images/defect free/00784.jpg,defect free,4,26f8816d5ea4c95d1514205722.jpg,defect free,True
images/defect free/00785.jpg,defect free,3,27.jpg,defect free,True
images/defect free/00786.jpg,defect free,0,27066ee9a72b14f80912504061.jpg,defect free,True
images/defect free/00787.jpg,defect free,3,270b50af87ba78401209375335.jpg,defect free,True
images/defect free/00788.jpg,defect free,1,27323b6e77ec6fb80856491633.jpg,defect free,True
images/defect free/00789.jpg,defect free,1,27582f00aac847971342034173.jpg,defect free,True
images/defect free/00790.jpg,defect free,3,2772f5c7d04970eb0858431575.jpg,defect free,True
images/defect free/00791.jpg,defect free,0,27a903e3ed5e53b21641316492.jpg,defect free,True
images/defect free/00792.jpg,defect free,2,27c068426f50c5230921524115.jpg,defect free,True
images/defect free/00793.jpg,defect free,4,28.jpg,stain,False
images/defect free/00794.jpg,defect free,2,28095152dd5ecb931237313373.jpg,defect free,True
images/defect free/00795.jpg,defect free,0,28109c6125ed23900908183956.jpg,defect free,True
images/defect free/00796.jpg,defect free,3,282df79ae890bdd20858430762.jpg,defect free,True
images/defect free/00797.jpg,defect free,0,285fff2196a9077d1531046915.jpg,defect free,True
images/defect free/00798.jpg,defect free,4,28a07cba588225c00943012993.jpg,defect free,True
images/defect free/00799.jpg,defect free,1,28c13e90747b3c2d0938586445.jpg,defect free,True
images/defect free/00800.jpg,defect free,3,28cd6ec9b013a28a0810410222.jpg,defect free,True
images/defect free/00801.jpg,defect free,0,29.jpg,stain,False
images/defect free/00802.jpg,defect free,3,2923bd256793ce9d0842092471.jpg,defect free,True
images/defect free/00803.jpg,defect free,1,29572d65d8c82cff0842429841.jpg,defect free,True
images/defect free/00804.jpg,defect free,2,2978ab0d2a9066230825132276.jpg,defect free,True
images/defect free/00805.jpg,defect free,0,29e58e7eea4fc7bf0856492165.jpg,defect free,True
images/defect free/00806.jpg,defect free,0,29ffbff45dc5a41b0944151982.jpg,defect free,True
images/defect free/00807.jpg,defect free,2,2a40e72d8e569c7d0832119306.jpg,defect free,True
images/defect free/00808.jpg,defect free,1,2a85f9d5e9d93f251429264364.jpg,defect free,True
images/defect free/00809.jpg,defect free,1,2aa481e2702eaa151032084022.jpg,defect free,True
images/defect free/00810.jpg,defect free,1,2aa5f2f180a207a71208347156.jpg,defect free,True
images/defect free/00811.jpg,defect free,1,2aef60cbb3802b9d1235269794.jpg,defect free,True
images/defect free/00812.jpg,defect free,0,2b56b8d8d992e81d0922412033.jpg,defect free,True
images/defect free/00813.jpg,defect free,1,2b58ce954931c1e50827479081.jpg,defect free,True
images/defect free/00814.jpg,defect free,3,2b5f9d597a9949220854359583.jpg,defect free,True
images/defect free/00815.jpg,defect free,0,2b72970c07ac70ec1602379093.jpg,defect free,True
images/defect free/00816.jpg,defect free,3,2b9f0b67772b99181429263822.jpg,defect free,True
images/defect free/00817.jpg,defect free,1,2c371e6ad900fffb1023010482.jpg,defect free,True
images/defect free/00818.jpg,defect free,0,2cfdf8cb60fdf37c0823185275.jpg,defect free,True
images/defect free/00819.jpg,defect free,2,2d4684430107a5f81606558455.jpg,defect free,True
images/defect free/00820.jpg,defect free,4,2d570d83c7eba9060844281991.jpg,defect free,True
images/defect free/00821.jpg,defect free,0,2d8698d9965c14111632006391.jpg,defect free,True
images/defect free/00822.jpg,defect free,0,2e621a3b19c683200841119471.jpg,defect free,True
images/defect free/00823.jpg,defect free,4,2e76a9c267f883cb1223022666.jpg,defect free,True
images/defect free/00824.jpg,defect free,3,2e7e2d1eb6b995f80942207856.jpg,defect free,True
images/defect free/00825.jpg,defect free,0,2e83c82198a4153b1023306616.jpg,defect free,True
images/defect free/00826.jpg,defect free,1,2e912f259a972b771006390723.jpg,defect free,True
images/defect free/00827.jpg,defect free,4,2fba628ad5586ba90844024801.jpg,defect free,True
images/defect free/00828.jpg,defect free,4,3.jpg,stain,False
images/defect free/00829.jpg,defect free,0,30.jpg,defect free,True
images/defect free/00830.jpg,defect free,4,30453201870cc0971012229882.jpg,defect free,True
images/defect free/00831.jpg,defect free,4,3078718f9346b5ef1630064272.jpg,defect free,True
images/defect free/00832.jpg,defect free,2,30d1e9c6a7a46ec80935508371.jpg,defect free,True
images/defect free/00833.jpg,defect free,2,30e47a58997944a60910025303.jpg,defect free,True
images/defect free/00834.jpg,defect free,4,31.jpg,stain,False
images/defect free/00835.jpg,defect free,2,31003e7971244dce1016241981.jpg,defect free,True
images/defect free/00836.jpg,defect free,4,31520acb143e45df1232266723.jpg,defect free,True
images/defect free/00837.jpg,defect free,1,3163eca54451fc570906525845.jpg,defect free,True
images/defect free/00838.jpg,defect free,1,31e872a3fbbf4a791209159394.jpg,defect free,True
images/defect free/00839.jpg,defect free,4,31fed14a025417491240087035.jpg,defect free,True
images/defect free/00840.jpg,defect free,1,32.jpg,stain,False
images/defect free/00841.jpg,defect free,1,3213da970729587d0859045435.jpg,defect free,True
images/defect free/00842.jpg,defect free,2,321ddf262806c3090840599672.jpg,defect free,True
images/defect free/00843.jpg,defect free,1,322e0c89de5abd231338411463.jpg,defect free,True
images/defect free/00844.jpg,defect free,1,326f2f1a1814741a1337296882.jpg,defect free,True
images/defect free/00845.jpg,defect free,4,328243d3df3683861240285252.jpg,defect free,True
images/defect free/00846.jpg,defect free,1,328a454853d019051050032886.jpg,defect free,True
images/defect free/00847.jpg,defect free,2,32cdad7e0dae38460820101086.jpg,defect free,True
images/defect free/00848.jpg,defect free,4,32d45d13e8b9d1b51342369822.jpg,defect free,True
images/defect free/00849.jpg,defect free,0,33.jpg,stain,False
images/defect free/00850.jpg,defect free,0,3306e722d95e37ec1308544472.jpg,defect free,True
images/defect free/00851.jpg,defect free,2,330cb6a3558cc3841015088461.jpg,defect free,True
images/defect free/00852.jpg,defect free,2,333bacc077d2745a0813343675.jpg,defect free,True
images/defect free/00853.jpg,defect free,2,334b972d954ef96d0906525574.jpg,defect free,True
images/defect free/00854.jpg,defect free,4,335593709699999f1042392632.jpg,defect free,True
images/defect free/00855.jpg,defect free,2,33bd571c241a97b00811563825.jpg,defect free,True
images/defect free/00856.jpg,defect free,3,33e9566631fbff4f1342121383.jpg,defect free,True
images/defect free/00857.jpg,defect free,0,33f2cabaf718802c0811564086.jpg,defect free,True
images/defect free/00858.jpg,defect free,1,34.jpg,stain,False
images/defect free/00859.jpg,defect free,3,34589a367eb418d21332209475.jpg,defect free,True
images/defect free/00860.jpg,defect free,2,34c3ca3778338b811000208995.jpg,defect free,True
images/defect free/00861.jpg,defect free,0,34deae09ace063100848322386.jpg,defect free,True
images/defect free/00862.jpg,defect free,3,34eb541bbc957acb1047038031.jpg,defect free,True
images/defect free/00863.jpg,defect free,2,35.jpg,defect free,True
images/defect free/00864.jpg,defect free,2,35204892433e84521046127391.jpg,defect free,True
images/defect free/00865.jpg,defect free,1,3542316544ac125c0925190301.jpg,defect free,True
images/defect free/00866.jpg,defect free,4,355e2fc598bf3c241023010753.jpg,defect free,True
images/defect free/00867.jpg,defect free,1,35807041ffcb53240812421842.jpg,defect free,True
images/defect free/00868.jpg,defect free,1,35b1268632a2a17e1617362401.jpg,defect free,True
images/defect free/00869.jpg,defect free,1,35e5ebb9a93d59dd0842154911.jpg,defect free,True
images/defect free/00870.jpg,defect free,3,35fb8944995faec41630314042.jpg,defect free,True
images/defect free/00871.jpg,defect free,3,36.jpg,defect free,True
images/defect free/00872.jpg,defect free,3,364b4e4c6091caff1237006871.jpg,defect free,True
images/defect free/00873.jpg,defect free,4,36ced5064cdbcac30832219554.jpg,defect free,True
images/defect free/00874.jpg,defect free,4,36cf20db3b2534850838226673.jpg,defect free,True
images/defect free/00875.jpg,defect free,4,36cfb29ec6b452bc0839263143.jpg,defect free,True
images/defect free/00876.jpg,defect free,1,37.jpg,stain,False
images/defect free/00877.jpg,defect free,4,373ec7573541a7f10905340781.jpg,defect free,True
images/defect free/00878.jpg,defect free,0,37628263563189fc1006491215.jpg,defect free,True
images/defect free/00879.jpg,defect free,3,378c9f780acfec2c0812176371.jpg,defect free,True
images/defect free/00880.jpg,defect free,2,379a54d5d411b5f71053105701.jpg,defect free,True
images/defect free/00881.jpg,defect free,4,37b1645b49a5a4a90905030991.jpg,defect free,True
images/defect free/00882.jpg,defect free,2,37b28bc7ae6feb440937185875.jpg,defect free,True
images/defect free/00883.jpg,defect free,3,37d159a2b324fc6b1214271113.jpg,defect free,True
images/defect free/00884.jpg,defect free,1,38.jpg,stain,False
images/defect free/00885.jpg,defect free,1,3800975d980aeca80827479894.jpg,defect free,True
images/defect free/00886.jpg,defect free,4,382bb7109c51bd4b0957336235.jpg,defect free,True
images/defect free/00887.jpg,defect free,0,383eb4fd9509cca71342370103.jpg,defect free,True
images/defect free/00888.jpg,defect free,4,3888cd55e2682e431330487282.jpg,defect free,True
images/defect free/00889.jpg,defect free,2,38a8a7da9927fd4d0941271522.jpg,defect free,True
images/defect free/00890.jpg,defect free,3,38ee425b91ee74b51303270453.jpg,defect free,True
images/defect free/00891.jpg,defect free,0,38f4c2d7cfc461581218216322.jpg,defect free,True
images/defect free/00892.jpg,defect free,4,39.jpg,defect free,True
images/defect free/00893.jpg,defect free,0,39052557c5e244b91334562121.jpg,defect free,True
images/defect free/00894.jpg,defect free,3,390991150de709ff1341067056.jpg,defect free,True
images/defect free/00895.jpg,defect free,1,390cc535b77ce1580933280252.jpg,defect free,True
images/defect free/00896.jpg,defect free,3,3954fc912c8287731005038311.jpg,defect free,True
images/defect free/00897.jpg,defect free,0,3960bc665d5293100907194404.jpg,defect free,True
images/defect free/00898.jpg,defect free,1,39c8b6b19e35f3850940080562.jpg,defect free,True
images/defect free/00899.jpg,defect free,2,39cb7d33f0f673670940371961.jpg,defect free,True
images/defect free/00900.jpg,defect free,1,39e2c9b30edf987b1008491383.jpg,defect free,True
images/defect free/00901.jpg,defect free,0,3a0c735938a89d290825319734.jpg,defect free,True
images/defect free/00902.jpg,defect free,0,3a0e85f159f1178c1200237324.jpg,defect free,True
images/defect free/00903.jpg,defect free,1,3a3756d33d8664501616384674.jpg,defect free,True
images/defect free/00904.jpg,defect free,2,3a5c3494ce3d944e1231329505.jpg,defect free,True
images/defect free/00905.jpg,defect free,3,3a77305ee4bba0d60944152253.jpg,defect free,True
images/defect free/00906.jpg,defect free,1,3a7abca1b081fc1b1616384112.jpg,defect free,True
images/defect free/00907.jpg,defect free,1,3a8613e5f2f39a810908426186.jpg,defect free,True
images/defect free/00908.jpg,defect free,0,3a8b9e494d2badee1024027003.jpg,defect free,True
images/defect free/00909.jpg,defect free,2,3a9df62083e8ba7f1222218522.jpg,defect free,True
images/defect free/00910.jpg,defect free,0,3ae1ba507ffe41bf1602199324.jpg,defect free,True
images/defect free/00911.jpg,defect free,1,3ae88af5aeef17c10916343854.jpg,defect free,True
images/defect free/00912.jpg,defect free,3,3b130926b9743dd01236277412.jpg,defect free,True
images/defect free/00913.jpg,defect free,4,3b3f4cd6561b94f30814427621.jpg,defect free,True
images/defect free/00914.jpg,defect free,0,3b67faf1318f3ca40811034035.jpg,defect free,True
images/defect free/00915.jpg,defect free,1,3b7e2ff6910038691626279525.jpg,defect free,True
images/defect free/00916.jpg,defect free,1,3c00ba8a17e5e9d00824300516.jpg,defect free,True
images/defect free/00917.jpg,defect free,1,3c01afd55f534d161600078021.jpg,defect free,True
images/defect free/00918.jpg,defect free,1,3c2e3d0b145e47921214270802.jpg,defect free,True
images/defect free/00919.jpg,defect free,1,3c303a6c8db122481012229611.jpg,defect free,True
images/defect free/00920.jpg,defect free,3,3c41419220dc49251209375054.jpg,defect free,True
images/defect free/00921.jpg,defect free,4,3ca1e1574c40c4ab1505549201.jpg,defect free,True
images/defect free/00922.jpg,defect free,2,3cd3bdffc098d4551449252985.jpg,defect free,True
images/defect free/00923.jpg,defect free,4,3ce85210fdd90c590835108753.jpg,defect free,True
images/defect free/00924.jpg,defect free,3,3d1777d274508ccc1240380592.jpg,defect free,True
images/defect free/00925.jpg,defect free,1,3d85ad44d85fb1a10814428966.jpg,defect free,True
images/defect free/00926.jpg,defect free,2,3d9e12db2b12d3f40832217933.jpg,defect free,True
images/defect free/00927.jpg,defect free,3,3ddcc4bd753e5ec21337424126.jpg,defect free,True
images/defect free/00928.jpg,defect free,0,3e27548dcbbb3d5d0906286526.jpg,defect free,True
images/defect free/00929.jpg,defect free,0,3ec1f73a83ddc75a1608466913.jpg,defect free,True
images/defect free/00930.jpg,defect free,1,3ec6c433499eb0811058219014.jpg,defect free,True
images/defect free/00931.jpg,defect free,1,3f1678217aedfdb71234530171.jpg,defect free,True
images/defect free/00932.jpg,defect free,0,3f1dedabc3d14d2f0838226934.jpg,defect free,True
images/defect free/00933.jpg,defect free,0,3f2a1b7805116b110835460475.jpg,defect free,True
images/defect free/00934.jpg,defect free,2,3f37956f686bedf40831341104.jpg,defect free,True
images/defect free/00935.jpg,defect free,3,3f3e7ffe64f402211007097125.jpg,defect free,True
images/defect free/00936.jpg,defect free,0,3f62fc9be7da122c1359241544.jpg,defect free,True
images/defect free/00937.jpg,defect free,4,3f8968d7216a60611630580103.jpg,defect free,True
images/defect free/00938.jpg,defect free,3,3fac3159181841df0840360875.jpg,defect free,True
images/defect free/00939.jpg,defect free,3,4.jpg,defect free,True
images/defect free/00940.jpg,defect free,1,40.jpg,stain,False
images/defect free/00941.jpg,defect free,0,40000ab7dd8c4d5d0948168333.jpg,defect free,True
images/defect free/00942.jpg,defect free,2,403bf1fddf7b3aa40951528786.jpg,defect free,True
images/defect free/00943.jpg,defect free,2,4076d60b1ead51210831242942.jpg,defect free,True
images/defect free/00944.jpg,defect free,2,40ae598b37d67deb1331119726.jpg,defect free,True
images/defect free/00945.jpg,defect free,1,40be9215bc8ed4270939190183.jpg,defect free,True
images/defect free/00946.jpg,defect free,1,40e16d30be4126e81341177082.jpg,defect free,True
images/defect free/00947.jpg,defect free,2,41.jpg,defect free,True
images/defect free/00948.jpg,defect free,3,41002dfbd096b1160936439953.jpg,defect free,True
images/defect free/00949.jpg,defect free,3,4117d7e6a0e5e91d1234222333.jpg,defect free,True
images/defect free/00950.jpg,defect free,4,4171327941eb0b0e1056570346.jpg,defect free,True
images/defect free/00951.jpg,defect free,0,4194214e280331e71233026813.jpg,defect free,True
images/defect free/00952.jpg,defect free,2,41b8ae9a977b8b940944238725.jpg,defect free,True
images/defect free/00953.jpg,defect free,2,41bbf870aa33d3560814040123.jpg,defect free,True
images/defect free/00954.jpg,defect free,4,41cd869d279e5d6f0824027294.jpg,defect free,True
images/defect free/00955.jpg,defect free,1,42.jpg,stain,False
images/defect free/00956.jpg,defect free,1,4202a072c93897830850422004.jpg,defect free,True
images/defect free/00957.jpg,defect free,2,4209f17b68d25d081628007212.jpg,defect free,True
images/defect free/00958.jpg,defect free,4,420a5ddacae94be01032219351.jpg,defect free,True
images/defect free/00959.jpg,defect free,1,4277e9f2ea4657090958301856.jpg,defect free,True
images/defect free/00960.jpg,defect free,2,4281825415b0977f1240199381.jpg,defect free,True
images/defect free/00961.jpg,defect free,0,42a88c42cf620d071209159926.jpg,defect free,True
images/defect free/00962.jpg,defect free,4,42d71f6bc79a30e01247074946.jpg,defect free,True
images/defect free/00963.jpg,defect free,3,43.jpg,stain,False
images/defect free/00964.jpg,defect free,4,4320e13f00259c931601470333.jpg,defect free,True
images/defect free/00965.jpg,defect free,4,433679b596ffa0dc1043222783.jpg,defect free,True
images/defect free/00966.jpg,defect free,2,437f8f7a04e190fb1345361442.jpg,defect free,True
images/defect free/00967.jpg,defect free,1,4380b6909fd86fd90823103574.jpg,defect free,True
images/defect free/00968.jpg,defect free,2,4399a1c21deb7a510932399112.jpg,defect free,True
images/defect free/00969.jpg,defect free,4,43b59d10e4f702c90827209355.jpg,defect free,True
images/defect free/00970.jpg,defect free,4,43beffd1d0c76d840958015712.jpg,defect free,True
images/defect free/00971.jpg,defect free,4,43d4e792dcc2cf521030023721.jpg,defect free,True
images/defect free/00972.jpg,defect free,4,44.jpg,stain,False
images/defect free/00973.jpg,defect free,1,4412592de010594a1244573242.jpg,defect free,True
images/defect free/00974.jpg,defect free,0,44744eaddc631fa41238525263.jpg,defect free,True
images/defect free/00975.jpg,defect free,4,447d9d2e4dcf54de1511373015.jpg,defect free,True
images/defect free/00976.jpg,defect free,0,45.jpg,defect free,True
images/defect free/00977.jpg,defect free,3,4533b42c91112f820906285181.jpg,defect free,True
images/defect free/00978.jpg,defect free,0,45a1ac9ab5dc35570910026186.jpg,defect free,True
images/defect free/00979.jpg,defect free,2,45b193a2cf9308d50847255825.jpg,defect free,True
images/defect free/00980.jpg,defect free,2,46.jpg,defect free,True
images/defect free/00981.jpg,defect free,3,46270c3c283f39a21218318171.jpg,defect free,True
images/defect free/00982.jpg,defect free,0,4644546bfce8700b0917535905.jpg,defect free,True
images/defect free/00983.jpg,defect free,3,464f4d796d0f1c0e1312196156.jpg,defect free,True
images/defect free/00984.jpg,defect free,1,465a0919c726ace20839417985.jpg,defect free,True
images/defect free/00985.jpg,defect free,0,46803f3e04eeaaa51342121102.jpg,defect free,True
images/defect free/00986.jpg,defect free,2,46b5608ddcfe974a0831390813.jpg,defect free,True
images/defect free/00987.jpg,defect free,3,46b898e1f53616280831150462.jpg,defect free,True
images/defect free/00988.jpg,defect free,2,47.jpg,stain,False
images/defect free/00989.jpg,defect free,2,470fd68c61da193f0920537862.jpg,defect free,True
images/defect free/00990.jpg,defect free,4,471fe02e7ef6c9cd0817438601.jpg,defect free,True
images/defect free/00991.jpg,defect free,4,475c4b31207b75181335118975.jpg,defect free,True
images/defect free/00992.jpg,defect free,4,4762f2d2e3f555321304057285.jpg,defect free,True
images/defect free/00993.jpg,defect free,4,4762f5de8486334b1633111953.jpg,defect free,True
images/defect free/00994.jpg,defect free,0,4769deea94b883981310543571.jpg,defect free,True
images/defect free/00995.jpg,defect free,2,47739d708eed0ac80939371633.jpg,defect free,True
images/defect free/00996.jpg,defect free,3,477b972ccfb034b71553208831.jpg,defect free,True
images/defect free/00997.jpg,defect free,3,47a82a45839f539d0923502793.jpg,defect free,True
images/defect free/00998.jpg,defect free,3,48.jpg,stain,False
images/defect free/00999.jpg,defect free,1,48097d35a56a32960920594635.jpg,defect free,True
images/defect free/01000.jpg,defect free,3,480bbdaa6e6ea87e0940558023.jpg,defect free,True
images/defect free/01001.jpg,defect free,1,480da2d463140a2a0815141866.jpg,defect free,True
images/defect free/01002.jpg,defect free,4,487a3c5311aaf2f10953534706.jpg,defect free,True
images/defect free/01003.jpg,defect free,2,487aea1a5bf105b10937276033.jpg,defect free,True
images/defect free/01004.jpg,defect free,1,48987a121e3c2f111230380874.jpg,defect free,True
images/defect free/01005.jpg,defect free,2,48a53517f9ebdbf71005039646.jpg,defect free,True
images/defect free/01006.jpg,defect free,2,48ae68ba2b64cfd60829390705.jpg,defect free,True
images/defect free/01007.jpg,defect free,2,48beb032fa8df4da0849032315.jpg,defect free,True
images/defect free/01008.jpg,defect free,0,48dbd86279d3ef5b0804470632.jpg,defect free,True
images/defect free/01009.jpg,defect free,2,49.jpg,stain,False
images/defect free/01010.jpg,defect free,1,49192580687534280926021181.jpg,defect free,True
images/defect free/01011.jpg,defect free,4,492144fa635f462e0934444423.jpg,defect free,True
images/defect free/01012.jpg,defect free,3,4941fb5442de68e80900445721.jpg,defect free,True
images/defect free/01013.jpg,defect free,3,49462903ac513a1e0943371725.jpg,defect free,True
images/defect free/01014.jpg,defect free,0,49990dd4c3982c2b1640532172.jpg,defect free,True
images/defect free/01015.jpg,defect free,0,4a183181e081a11d1605124823.jpg,defect free,True
images/defect free/01016.jpg,defect free,0,4a1c3f106d88cf5b0916278993.jpg,defect free,True
images/defect free/01017.jpg,defect free,3,4a3e4a55c017c1010942207063.jpg,defect free,True
images/defect free/01018.jpg,defect free,4,4a88c25b3ed6af201628083771.jpg,defect free,True
images/defect free/01019.jpg,defect free,4,4ad98f1a210e56a71011403973.jpg,defect free,True
images/defect free/01020.jpg,defect free,2,4b46fbc0fd15303c1040335104.jpg,defect free,True
images/defect free/01021.jpg,defect free,0,4b9f72ebce7627ef0837507063.jpg,defect free,True
images/defect free/01022.jpg,defect free,2,4be1d348090de4ff0910025925.jpg,defect free,True
images/defect free/01023.jpg,defect free,4,4c3c3559a7b29bc51238523911.jpg,defect free,True
images/defect free/01024.jpg,defect free,4,4c4d72f98a34a4431543190921.jpg,defect free,True
images/defect free/01025.jpg,defect free,2,4c4ebdbf8da8e33f1034064133.jpg,defect free,True
images/defect free/01026.jpg,defect free,2,4ca0b0433493c8741448241515.jpg,defect free,True
images/defect free/01027.jpg,defect free,1,4cae0708547caa250930444642.jpg,defect free,True
images/defect free/01028.jpg,defect free,1,4d51e6adad2760ba0918319271.jpg,defect free,True
images/defect free/01029.jpg,defect free,3,4d6cdeac65b443ae0933436131.jpg,defect free,True
images/defect free/01030.jpg,defect free,3,4d71adb9861a567d0933110261.jpg,defect free,True
images/defect free/01031.jpg,defect free,3,4d80028a1a26d5fd1007096322.jpg,defect free,True
images/defect free/01032.jpg,defect free,4,4df4919401d455fc1633416711.jpg,defect free,True
images/defect free/01033.jpg,defect free,3,4e292f3bd69873710856491081.jpg,defect free,True
images/defect free/01034.jpg,defect free,2,4e6d269be5debe2d1058087241.jpg,defect free,True
images/defect free/01035.jpg,defect free,0,4ec812df8709f2810835204921.jpg,defect free,True
images/defect free/01036.jpg,defect free,2,4f2d849b80ba7a450844382825.jpg,defect free,True
images/defect free/01037.jpg,defect free,0,4f433792d0e232261221417735.jpg,defect free,True
images/defect free/01038.jpg,defect free,0,4f8de7de6bf65c1b1229103953.jpg,defect free,True
images/defect free/01039.jpg,defect free,4,4fc2c8652cd62a481233599724.jpg,defect free,True
images/defect free/01040.jpg,defect free,1,4fff4614bb65092c0917535343.jpg,defect free,True
images/defect free/01041.jpg,defect free,1,5.jpg,stain,False
images/defect free/01042.jpg,defect free,3,50.jpg,stain,False
images/defect free/01043.jpg,defect free,4,5092232a43e001861232170434.jpg,defect free,True
images/defect free/01044.jpg,defect free,0,5092b826106e08e00838341954.jpg,defect free,True
images/defect free/01045.jpg,defect free,3,50dcbedf1c7c30220807460472.jpg,defect free,True
images/defect free/01046.jpg,defect free,0,51.jpg,stain,False
images/defect free/01047.jpg,defect free,3,5138c14b6e0632251019134332.jpg,defect free,True
images/defect free/01048.jpg,defect free,3,51585994be7415c91013570691.jpg,defect free,True
images/defect free/01049.jpg,defect free,2,516fdcea757340d70914292471.jpg,defect free,True
images/defect free/01050.jpg,defect free,4,5172149bd19a90571343069641.jpg,defect free,True
images/defect free/01051.jpg,defect free,4,5196bc70dbf947090830172684.jpg,defect free,True
images/defect free/01052.jpg,defect free,3,519d94e4c971b6cd0950248135.jpg,defect free,True
images/defect free/01053.jpg,defect free,2,51bbadad47a627060759241352.jpg,defect free,True
images/defect free/01054.jpg,defect free,1,52.jpg,stain,False
images/defect free/01055.jpg,defect free,3,5212c5de5fa52dea1619147172.jpg,defect free,True
images/defect free/01056.jpg,defect free,2,5245ea42004ccf730920538143.jpg,defect free,True
images/defect free/01057.jpg,defect free,4,524ee30dce6956591240381385.jpg,defect free,True
images/defect free/01058.jpg,defect free,4,526477db2a6636801056364191.jpg,defect free,True
images/defect free/01059.jpg,defect free,3,5264794ff1bba8631006196744.jpg,defect free,True
images/defect free/01060.jpg,defect free,1,529917d4d4db14740818521574.jpg,defect free,True
images/defect free/01061.jpg,defect free,4,52def3f427aff8aa1429264625.jpg,defect free,True
images/defect free/01062.jpg,defect free,0,52e06597dbc26d131005460871.jpg,defect free,True
images/defect free/01063.jpg,defect free,0,52e8889fa863bba90909121532.jpg,defect free,True
images/defect free/01064.jpg,defect free,1,52fcb341a312f4ef0910309116.jpg,defect free,True
images/defect free/01065.jpg,defect free,3,53.jpg,stain,False
images/defect free/01066.jpg,defect free,0,5338c376ad6e0aef1628085156.jpg,defect free,True
images/defect free/01067.jpg,defect free,1,53b160f1c3545ab40828415381.jpg,defect free,True
images/defect free/01068.jpg,defect free,1,53ccacc1fa25e3f51333430913.jpg,defect free,True
images/defect free/01069.jpg,defect free,3,53e119acacdfb14d0925191415.jpg,defect free,True
images/defect free/01070.jpg,defect free,0,53f7ab9f661333e61231329766.jpg,defect free,True
images/defect free/01071.jpg,defect free,4,54.jpg,stain,False
images/defect free/01072.jpg,defect free,4,5407f2bd678f77540839085143.jpg,defect free,True
images/defect free/01073.jpg,defect free,0,540d228b1b6382a70941396903.jpg,defect free,True
images/defect free/01074.jpg,defect free,1,5435828d3808ab9a1340219863.jpg,defect free,True
images/defect free/01075.jpg,defect free,0,54af12aae50a06121219590926.jpg,defect free,True
images/defect free/01076.jpg,defect free,3,54e95370963a2e420831031004.jpg,defect free,True
images/defect free/01077.jpg,defect free,1,55.jpg,stain,False
images/defect free/01078.jpg,defect free,0,55f5a5e34450bfd20827410162.jpg,defect free,True
images/defect free/01079.jpg,defect free,1,56.jpg,stain,False
images/defect free/01080.jpg,defect free,1,562b252dd76049181235396581.jpg,defect free,True
images/defect free/01081.jpg,defect free,2,56627e65530faa1e1240201496.jpg,defect free,True
images/defect free/01082.jpg,defect free,3,569588fbc464d5d70837506752.jpg,defect free,True
images/defect free/01083.jpg,defect free,0,5696c45557faad940935119263.jpg,defect free,True
images/defect free/01084.jpg,defect free,3,56b9af872045234f1229104505.jpg,defect free,True
images/defect free/01085.jpg,defect free,4,56f1990dec3b41170905044916.jpg,defect free,True
images/defect free/01086.jpg,defect free,3,57.jpg,defect free,True
images/defect free/01087.jpg,defect free,2,572026c9bf1cda9d0921180982.jpg,defect free,True
images/defect free/01088.jpg,defect free,0,57991d0c03b01ad41222219054.jpg,defect free,True
images/defect free/01089.jpg,defect free,3,57a6e7f75d28c6ef1239200886.jpg,defect free,True
images/defect free/01090.jpg,defect free,2,57cd13e53d5a8f4b0918005936.jpg,defect free,True
images/defect free/01091.jpg,defect free,2,57ce3a54253a5b520828205146.jpg,defect free,True
images/defect free/01092.jpg,defect free,1,57d48a4e50c19d4e1339329081.jpg,defect free,True
images/defect free/01093.jpg,defect free,3,58.jpg,stain,False
images/defect free/01094.jpg,defect free,1,5809c6ab33d7ab5c0825563585.jpg,defect free,True
images/defect free/01095.jpg,defect free,0,580e241a4cb1e77a1229338503.jpg,defect free,True
images/defect free/01096.jpg,defect free,4,581d99b0e841080d1239532246.jpg,defect free,True
images/defect free/01097.jpg,defect free,2,589dff75c31ab4011242285351.jpg,defect free,True
images/defect free/01098.jpg,defect free,3,58d80941c430e7a80942373995.jpg,defect free,True
images/defect free/01099.jpg,defect free,1,59.jpg,stain,False
images/defect free/01100.jpg,defect free,4,59984875efe1742b1527583692.jpg,defect free,True
images/defect free/01101.jpg,defect free,0,59acbcae0dd3b27d1309116195.jpg,defect free,True
images/defect free/01102.jpg,defect free,0,59f5ef2276a2f5001338411192.jpg,defect free,True
images/defect free/01103.jpg,defect free,0,5a0652115d69eacd0832217391.jpg,defect free,True
images/defect free/01104.jpg,defect free,2,5a6c2e2f139d35a01634151184.jpg,defect free,True
images/defect free/01105.jpg,defect free,0,5a9079574da4ab1a0936100603.jpg,defect free,True
images/defect free/01106.jpg,defect free,0,5aec3b16b25311731505550034.jpg,defect free,True
images/defect free/01107.jpg,defect free,4,5afe59d0ea987ba71008176356.jpg,defect free,True
images/defect free/01108.jpg,defect free,3,5b4a8a2d76d0a7500849553295.jpg,defect free,True
images/defect free/01109.jpg,defect free,4,5bdc2db614dc354d0917204416.jpg,defect free,True
images/defect free/01110.jpg,defect free,0,5c0be949a60cf7630828204875.jpg,defect free,True
images/defect free/01111.jpg,defect free,3,5c2889babea2f43f1612222563.jpg,defect free,True
images/defect free/01112.jpg,defect free,1,5c4f14a29447587c1518220791.jpg,defect free,True
images/defect free/01113.jpg,defect free,1,5c53bc3e913c7eda0938537125.jpg,defect free,True
images/defect free/01114.jpg,defect free,4,5ca87aecb5a07e2c1055483634.jpg,defect free,True
images/defect free/01115.jpg,defect free,0,5cbbc3d666b0860a1606345293.jpg,defect free,True
images/defect free/01116.jpg,defect free,3,5d34f69e74f371731029069641.jpg,defect free,True
images/defect free/01117.jpg,defect free,0,5dfdab44c9f8071b0821471776.jpg,defect free,True
images/defect free/01118.jpg,defect free,4,5e2fd990ded12abb1539305295.jpg,defect free,True
images/defect free/01119.jpg,defect free,2,5e872788b34519311635434182.jpg,defect free,True
images/defect free/01120.jpg,defect free,2,5e90378ef73364360840358866.jpg,defect free,True
images/defect free/01121.jpg,defect free,3,5ea62e3ad8dbd0080936074661.jpg,defect free,True
images/defect free/01122.jpg,defect free,1,5f19f45266167df90812272134.jpg,defect free,True
images/defect free/01123.jpg,defect free,4,5f429903b6e1b1bf1536185045.jpg,defect free,True
images/defect free/01124.jpg,defect free,3,5f4a1a6195b799801041191391.jpg,defect free,True
images/defect free/01125.jpg,defect free,3,5fb2abda4d3874a90808187182.jpg,defect free,True
images/defect free/01126.jpg,defect free,3,5fb9cb3c3f6144380942505295.jpg,defect free,True
images/defect free/01127.jpg,defect free,4,6.jpg,stain,False
images/defect free/01128.jpg,defect free,0,60.jpg,stain,False
images/defect free/01129.jpg,defect free,0,60091fd20e89c0bc1336362395.jpg,defect free,True
images/defect free/01130.jpg,defect free,3,60b3d0b1a9590c4f0943039265.jpg,defect free,True
images/defect free/01131.jpg,defect free,1,60b97f3ee8e5f2031203462586.jpg,defect free,True
images/defect free/01132.jpg,defect free,4,60dc1ae325ae2a1a0937033313.jpg,defect free,True
images/defect free/01133.jpg,defect free,2,61.jpg,stain,False
images/defect free/01134.jpg,defect free,4,619d80d67a3a83e71636557082.jpg,defect free,True
images/defect free/01135.jpg,defect free,1,62.jpg,stain,False
images/defect free/01136.jpg,defect free,2,62003ea8fa4499340932398831.jpg,defect free,True
images/defect free/01137.jpg,defect free,0,620e38a3573563f21205061074.jpg,defect free,True
images/defect free/01138.jpg,defect free,4,622b33f642852a030934547091.jpg,defect free,True
images/defect free/01139.jpg,defect free,4,62946df2bbde85e51342369561.jpg,defect free,True
images/defect free/01140.jpg,defect free,0,62fb940ee2aafd701333430642.jpg,defect free,True
images/defect free/01141.jpg,defect free,4,63.jpg,defect free,True
images/defect free/01142.jpg,defect free,0,630fb161234513ec0939550045.jpg,defect free,True
images/defect free/01143.jpg,defect free,1,6329c965978506651512338745.jpg,defect free,True
images/defect free/01144.jpg,defect free,2,6339c3af341e06d40841094532.jpg,defect free,True
images/defect free/01145.jpg,defect free,1,63c83340ca13b05a0912131076.jpg,defect free,True
images/defect free/01146.jpg,defect free,0,64.jpg,defect free,True
images/defect free/01147.jpg,defect free,4,6410493304e77a4e0933436402.jpg,defect free,True
images/defect free/01148.jpg,defect free,1,643cab8148dbca0c1041192505.jpg,defect free,True
images/defect free/01149.jpg,defect free,2,6471ee95059bc4d21038086106.jpg,defect free,True
images/defect free/01150.jpg,defect free,0,6487b64fbe9ea2ad0814122284.jpg,defect free,True
images/defect free/01151.jpg,defect free,0,64b66cfe0f31cc720905235393.jpg,defect free,True
images/defect free/01152.jpg,defect free,3,64b6ecbf64d831ff0807460191.jpg,defect free,True
images/defect free/01153.jpg,defect free,3,64fef23598fe0d110805501432.jpg,defect free,True
images/defect free/01154.jpg,defect free,4,65.jpg,defect free,True
images/defect free/01155.jpg,defect free,0,652abcb866cde2a11014147872.jpg,defect free,True
images/defect free/01156.jpg,defect free,2,6544e2b0138cad1e1225209242.jpg,defect free,True
images/defect free/01157.jpg,defect free,1,66.jpg,stain,False
images/defect free/01158.jpg,defect free,2,664f5dab41a96b550940213954.jpg,defect free,True
images/defect free/01159.jpg,defect free,4,668c20f12f5b43221512212384.jpg,defect free,True
images/defect free/01160.jpg,defect free,0,668c9b0d56504d991337594312.jpg,defect free,True
images/defect free/01161.jpg,defect free,1,66a0aeffed5851300946041876.jpg,defect free,True
images/defect free/01162.jpg,defect free,4,66afd647f777c6080828525395.jpg,defect free,True
images/defect free/01163.jpg,defect free,0,66d68bc0d2bcbe0f0806358126.jpg,defect free,True
images/defect free/01164.jpg,defect free,1,67.jpg,stain,False
images/defect free/01165.jpg,defect free,1,675525f5399477ad0849553024.jpg,defect free,True
images/defect free/01166.jpg,defect free,4,67a46cc08bdad9581304057014.jpg,defect free,True
images/defect free/01167.jpg,defect free,2,68.jpg,stain,False
images/defect free/01168.jpg,defect free,2,6807a70df530d8bb0822289641.jpg,defect free,True
images/defect free/01169.jpg,defect free,0,68083d785c57ef621509102024.jpg,defect free,True
images/defect free/01170.jpg,defect free,3,681a2d413466ddcf1006490934.jpg,defect free,True
images/defect free/01171.jpg,defect free,2,6844ef5a18d029411005461142.jpg,defect free,True
images/defect free/01172.jpg,defect free,3,685f06c2b176cc230820243146.jpg,defect free,True
images/defect free/01173.jpg,defect free,0,689f19f96a3541b00913593241.jpg,defect free,True
images/defect free/01174.jpg,defect free,2,68b6564ed9f087f11336362666.jpg,defect free,True
images/defect free/01175.jpg,defect free,3,68cb8c58c88e79551332536451.jpg,defect free,True
images/defect free/01176.jpg,defect free,2,6905f2ec1fab2f311042101386.jpg,defect free,True
images/defect free/01177.jpg,defect free,0,691403cec38233bb0828146023.jpg,defect free,True
images/defect free/01178.jpg,defect free,1,691a3ed4f67de74a1248437116.jpg,defect free,True
images/defect free/01179.jpg,defect free,3,691fcbb1141ac28f1024457543.jpg,defect free,True
images/defect free/01180.jpg,defect free,2,696aac99d6151e5b1600078302.jpg,defect free,True
images/defect free/01181.jpg,defect free,2,6973fa6cc062e6721032084293.jpg,defect free,True
images/defect free/01182.jpg,defect free,3,698737b7a84b7fb81236277141.jpg,defect free,True
images/defect free/01183.jpg,defect free,1,69d98b9c8f4bb71f0948039353.jpg,defect free,True
images/defect free/01184.jpg,defect free,1,69eee5f0700d979c0835591954.jpg,defect free,True
images/defect free/01185.jpg,defect free,0,6a015f59f1e012271519506984.jpg,defect free,True
images/defect free/01186.jpg,defect free,4,6a09c8954f78356d1305316992.jpg,defect free,True
images/defect free/01187.jpg,defect free,1,6a421dae98f7c60f0842086255.jpg,defect free,True
images/defect free/01188.jpg,defect free,0,6a42c6be2890ceac1005079543.jpg,defect free,True
images/defect free/01189.jpg,defect free,0,6ab39943760db1000814122816.jpg,defect free,True
images/defect free/01190.jpg,defect free,1,6ad241eee31699880842569796.jpg,defect free,True
images/defect free/01191.jpg,defect free,0,6ae5f0830ca247171235094191.jpg,defect free,True
images/defect free/01192.jpg,defect free,2,6b81f91b83df003d1342033631.jpg,defect free,True
images/defect free/01193.jpg,defect free,4,6ba2a958bf8a6d730830084312.jpg,defect free,True
images/defect free/01194.jpg,defect free,3,6c0a3971dd3028b40814405435.jpg,defect free,True
images/defect free/01195.jpg,defect free,4,6c1ee2fbf3ddabe61019264933.jpg,defect free,True
images/defect free/01196.jpg,defect free,3,6c9c56726d41a1530830563644.jpg,defect free,True
images/defect free/01197.jpg,defect free,0,6ce0b581907de9fe1202280694.jpg,defect free,True
images/defect free/01198.jpg,defect free,1,6ceddd0384e924421551576752.jpg,defect free,True
images/defect free/01199.jpg,defect free,2,6d09dcfb472f5ef30933436683.jpg,defect free,True
images/defect free/01200.jpg,defect free,0,6d2a8be6d63079111204128534.jpg,defect free,True
images/defect free/01201.jpg,defect free,3,6d32f5f67483f69c1047356796.jpg,defect free,True
images/defect free/01202.jpg,defect free,1,6d35c8e35bb0dc650812576366.jpg,defect free,True
images/defect free/01203.jpg,defect free,2,6d77002a36d8eb181332537525.jpg,defect free,True
images/defect free/01204.jpg,defect free,2,6d9d9c00e8428a721513587281.jpg,defect free,True
images/defect free/01205.jpg,defect free,3,6db0b568bf14a26d1600523381.jpg,defect free,True
images/defect free/01206.jpg,defect free,1,6e05e21534bcfed81608112261.jpg,defect free,True
images/defect free/01207.jpg,defect free,1,6e3006079ab2cb831339330486.jpg,defect free,True
images/defect free/01208.jpg,defect free,1,6e53b04db815459c1339188542.jpg,defect free,True
images/defect free/01209.jpg,defect free,4,6eb8c0a58f9787d70905044113.jpg,defect free,True
images/defect free/01210.jpg,defect free,1,6f5d93a83e6419651333431746.jpg,defect free,True
images/defect free/01211.jpg,defect free,4,6fd3d9181b587a380832575874.jpg,defect free,True
images/defect free/01212.jpg,defect free,1,6feb3196c2570acd0920315893.jpg,defect free,True
images/defect free/01213.jpg,defect free,4,7.jpg,stain,False
images/defect free/01214.jpg,defect free,3,702c999b75e659790916278451.jpg,defect free,True
images/defect free/01215.jpg,defect free,1,703579ca711fb9910916278722.jpg,defect free,True
images/defect free/01216.jpg,defect free,3,704263c747a07f090839498245.jpg,defect free,True
images/defect free/01217.jpg,defect free,0,704652bf06233e290942504201.jpg,defect free,True
images/defect free/01218.jpg,defect free,3,708acc089d7720b91047355983.jpg,defect free,True
images/defect free/01219.jpg,defect free,2,70e6a80da1082a8d1314564681.jpg,defect free,True
images/defect free/01220.jpg,defect free,3,7127bba91c7708260838341683.jpg,defect free,True
images/defect free/01221.jpg,defect free,4,7155da3dac4a2ba31056066345.jpg,defect free,True
images/defect free/01222.jpg,defect free,0,7160cc6a008e2de91055483092.jpg,defect free,True
images/defect free/01223.jpg,defect free,1,71731bf8b8a423ee0934104883.jpg,defect free,True
images/defect free/01224.jpg,defect free,0,717c734020cc5b1e0936514872.jpg,defect free,True
images/defect free/01225.jpg,defect free,0,72125e7ed344ad2d0911213966.jpg,defect free,True
images/defect free/01226.jpg,defect free,0,7232c6bb732210f40844025092.jpg,defect free,True
images/defect free/01227.jpg,defect free,1,724fd6db0932354c1000291506.jpg,defect free,True
images/defect free/01228.jpg,defect free,1,726a983eda14d1401345362536.jpg,defect free,True
images/defect free/01229.jpg,defect free,1,72f86d1eb66a6ae60830172423.jpg,defect free,True
images/defect free/01230.jpg,defect free,1,73088608140b71070918004521.jpg,defect free,True
images/defect free/01231.jpg,defect free,4,7368267c682b29a71339188813.jpg,defect free,True
images/defect free/01232.jpg,defect free,3,7371ccc4b13ac3f50912294176.jpg,defect free,True
images/defect free/01233.jpg,defect free,2,737abcb3128806071042043222.jpg,defect free,True
images/defect free/01234.jpg,defect free,0,737bc5c5a59e86101341065982.jpg,defect free,True
images/defect free/01235.jpg,defect free,2,738d61d7c15b1b001003155906.jpg,defect free,True
images/defect free/01236.jpg,defect free,1,73916c9ce9cbebd61316505323.jpg,defect free,True
images/defect free/01237.jpg,defect free,4,7425b89dea72fd531224075416.jpg,defect free,True
images/defect free/01238.jpg,defect free,4,746b6bda69d790c01019231052.jpg,defect free,True
images/defect free/01239.jpg,defect free,4,7482cf11e73f51e21310543842.jpg,defect free,True
images/defect free/01240.jpg,defect free,2,748bd2294cc28e731331117842.jpg,defect free,True
images/defect free/01241.jpg,defect free,4,74ad7d75b00ef0de0905198985.jpg,defect free,True
images/defect free/01242.jpg,defect free,1,74c3ae4d1ac259121637263033.jpg,defect free,True
images/defect free/01243.jpg,defect free,2,74e9476d67646c161535003914.jpg,defect free,True
images/defect free/01244.jpg,defect free,3,750cf26d7dea6c111455455325.jpg,defect free,True
images/defect free/01245.jpg,defect free,0,751abb52fd6ddd380822291316.jpg,defect free,True
images/defect free/01246.jpg,defect free,3,751e26516dc022b50840226465.jpg,defect free,True
images/defect free/01247.jpg,defect free,1,7563673f23055c541512336891.jpg,defect free,True
images/defect free/01248.jpg,defect free,4,75756d0321e218e41026096273.jpg,defect free,True
images/defect free/01249.jpg,defect free,3,75ad899c0561b0661344165951.jpg,defect free,True
images/defect free/01250.jpg,defect free,1,75befb0324d847f20819422305.jpg,defect free,True
images/defect free/01251.jpg,defect free,2,75c3bea1c20681f70933348823.jpg,defect free,True
images/defect free/01252.jpg,defect free,3,762831eb3758c80e1207420203.jpg,defect free,True
images/defect free/01253.jpg,defect free,0,7642029ea5e74d860856002266.jpg,defect free,True
images/defect free/01254.jpg,defect free,0,76505887099087861029070464.jpg,defect free,True
images/defect free/01255.jpg,defect free,3,7665b8af7d4cf3e30809070363.jpg,defect free,True
images/defect free/01256.jpg,defect free,2,76a3698211bda3ea0827546606.jpg,defect free,True
images/defect free/01257.jpg,defect free,2,76a491fde848cc4c0936514591.jpg,defect free,True
images/defect free/01258.jpg,defect free,3,76b3ee66ab88fbb50812400062.jpg,defect free,True
images/defect free/01259.jpg,defect free,2,770e0eebaf65055f1001063531.jpg,defect free,True
images/defect free/01260.jpg,defect free,1,77672701d2d9241c1020489501.jpg,defect free,True
images/defect free/01261.jpg,defect free,1,77d5251a4428d21f1437039495.jpg,defect free,True
images/defect free/01262.jpg,defect free,2,77dde9acda8a7ac71047356525.jpg,defect free,True
images/defect free/01263.jpg,defect free,4,7801cbea5d9eb00c1634150642.jpg,defect free,True
images/defect free/01264.jpg,defect free,4,78130d79bee7a0c01600523652.jpg,defect free,True
images/defect free/01265.jpg,defect free,2,7827f385fd7300ba0838132536.jpg,defect free,True
images/defect free/01266.jpg,defect free,0,7840386f8d5f22f41302388314.jpg,defect free,True
images/defect free/01267.jpg,defect free,4,784e8a175cf483cc0918179001.jpg,defect free,True
images/defect free/01268.jpg,defect free,0,78c12f62a2f2c0d10831390281.jpg,defect free,True
images/defect free/01269.jpg,defect free,4,7935c87bcd9784411231328321.jpg,defect free,True
images/defect free/01270.jpg,defect free,4,795d6097d76c97060812215972.jpg,defect free,True
images/defect free/01271.jpg,defect free,3,79685251674aa2491339528212.jpg,defect free,True
images/defect free/01272.jpg,defect free,0,796ab0967770fd881437038173.jpg,defect free,True
images/defect free/01273.jpg,defect free,3,799ae69720215ad21058087783.jpg,defect free,True
images/defect free/01274.jpg,defect free,2,79d04b31eca473391201305076.jpg,defect free,True
images/defect free/01275.jpg,defect free,3,7a1553355365a7e01343190351.jpg,defect free,True
images/defect free/01276.jpg,defect free,2,7a6aee1b1c1d5e0a0937275491.jpg,defect free,True
images/defect free/01277.jpg,defect free,4,7a71accc1b696fee1006182272.jpg,defect free,True
images/defect free/01278.jpg,defect free,2,7acfa378924832581316016624.jpg,defect free,True
images/defect free/01279.jpg,defect free,2,7af5ce1ced0a4b621201265764.jpg,defect free,True
images/defect free/01280.jpg,defect free,2,7af85d0659c666241452021322.jpg,defect free,True
images/defect free/01281.jpg,defect free,2,7b2ab09ece6aaa5a0825573783.jpg,defect free,True
images/defect free/01282.jpg,defect free,0,7b8cdd40b7976f090850158952.jpg,defect free,True
images/defect free/01283.jpg,defect free,1,7bb82d29767374cb0914417716.jpg,defect free,True
images/defect free/01284.jpg,defect free,4,7bc0b0b74302a9cf1339416761.jpg,defect free,True
images/defect free/01285.jpg,defect free,0,7bc6214f949d77250816561172.jpg,defect free,True
images/defect free/01286.jpg,defect free,2,7c0175799ed099400758289514.jpg,defect free,True
images/defect free/01287.jpg,defect free,3,7c321b62d1ededdb1333162361.jpg,defect free,True
images/defect free/01288.jpg,defect free,0,7c8afd1fb31db4de0823184191.jpg,defect free,True
images/defect free/01289.jpg,defect free,2,7cb622638f33b9800835205724.jpg,defect free,True
images/defect free/01290.jpg,defect free,2,7d4dcc300726c6611616383781.jpg,defect free,True
images/defect free/01291.jpg,defect free,1,7d8089e24d608c9e1003154842.jpg,defect free,True
images/defect free/01292.jpg,defect free,3,7de9968f3c37a9dc1512212685.jpg,defect free,True
images/defect free/01293.jpg,defect free,3,7df556ac868765381032084845.jpg,defect free,True
images/defect free/01294.jpg,defect free,0,7e0911fbb09533a21343190622.jpg,defect free,True
images/defect free/01295.jpg,defect free,4,7e79d542ad35f06f1005462216.jpg,defect free,True
images/defect free/01296.jpg,defect free,2,7ebb1a5afc516c940949315082.jpg,defect free,True
images/defect free/01297.jpg,defect free,0,7ee2582c3bdd95680821470431.jpg,defect free,True
images/defect free/01298.jpg,defect free,4,7f1f09311c282c251334083215.jpg,defect free,True
images/defect free/01299.jpg,defect free,4,7f4008efe45e8da21517297922.jpg,defect free,True
images/defect free/01300.jpg,defect free,3,7f600eb4ce0daddc0904036463.jpg,defect free,True
images/defect free/01301.jpg,defect free,1,7f78a527a00b18600839085414.jpg,defect free,True
images/defect free/01302.jpg,defect free,2,8.jpg,stain,False
images/defect free/01303.jpg,defect free,2,8072e3a0f8306ad41313289001.jpg,defect free,True
images/defect free/01304.jpg,defect free,2,8086cc035ec68dbf0934210451.jpg,defect free,True
images/defect free/01305.jpg,defect free,4,8086fbe47f6864301537309094.jpg,defect free,True
images/defect free/01306.jpg,defect free,0,809af08c6a3824711208578173.jpg,defect free,True
images/defect free/01307.jpg,defect free,3,8115946868d152210917203001.jpg,defect free,True
images/defect free/01308.jpg,defect free,3,81351d160f1a83cf0819336034.jpg,defect free,True
images/defect free/01309.jpg,defect free,4,816cc01996c4f1fc0802419785.jpg,defect free,True
images/defect free/01310.jpg,defect free,0,816cedb57ba3a9171235270336.jpg,defect free,True
images/defect free/01311.jpg,defect free,3,81a71858739fdadd0829120733.jpg,defect free,True
images/defect free/01312.jpg,defect free,4,81adc4b90c9a31a31009556914.jpg,defect free,True
images/defect free/01313.jpg,defect free,3,81b9be6a15debf741231133793.jpg,defect free,True
images/defect free/01314.jpg,defect free,4,81c1595960528fe00827409881.jpg,defect free,True
images/defect free/01315.jpg,defect free,2,81c16b631235d54b1000425416.jpg,defect free,True
images/defect free/01316.jpg,defect free,1,81d2dfe25405c8801210372901.jpg,defect free,True
images/defect free/01317.jpg,defect free,1,81d6014589e64f2b1436167223.jpg,defect free,True
images/defect free/01318.jpg,defect free,4,81d68ffc8796c0491232401223.jpg,defect free,True
images/defect free/01319.jpg,defect free,4,820f3021f179c6560847149232.jpg,defect free,True
images/defect free/01320.jpg,defect free,1,8262a9395a37a6021045328204.jpg,defect free,True
images/defect free/01321.jpg,defect free,0,8291290d6bfac5051312195865.jpg,defect free,True
images/defect free/01322.jpg,defect free,0,82995c0eed28ca7e1342493801.jpg,defect free,True
images/defect free/01323.jpg,defect free,2,82c6e1149f72a3780948340251.jpg,defect free,True
images/defect free/01324.jpg,defect free,2,82effb6f2cc67eaa0917203342.jpg,defect free,True
images/defect free/01325.jpg,defect free,1,8341af3f526201211332351212.jpg,defect free,True
images/defect free/01326.jpg,defect free,0,8344fef67731a3400940192743.jpg,defect free,True
images/defect free/01327.jpg,defect free,1,837c493f8f2679800921087045.jpg,defect free,True
images/defect free/01328.jpg,defect free,1,83a54afb20b906a10941161483.jpg,defect free,True
images/defect free/01329.jpg,defect free,0,83e8358b5f05316a1302388846.jpg,defect free,True
images/defect free/01330.jpg,defect free,1,83f3d261c2b6903a1345284215.jpg,defect free,True
images/defect free/01331.jpg,defect free,2,8421afd79af64a611334562392.jpg,defect free,True
images/defect free/01332.jpg,defect free,0,847331f56fe77ade1208387564.jpg,defect free,True
images/defect free/01333.jpg,defect free,1,848c0747c170fd951233505476.jpg,defect free,True
images/defect free/01334.jpg,defect free,0,849e4298b2116c051054422341.jpg,defect free,True
images/defect free/01335.jpg,defect free,2,84b7a5f3c11b60ba1629373974.jpg,defect free,True
images/defect free/01336.jpg,defect free,3,84cad7e2935d34171014148143.jpg,defect free,True
images/defect free/01337.jpg,defect free,0,84ffeef9e3a667371534276851.jpg,defect free,True
images/defect free/01338.jpg,defect free,4,851f2ba0009177041304056211.jpg,defect free,True
images/defect free/01339.jpg,defect free,1,8527bb8e49a8db420941598962.jpg,defect free,True
images/defect free/01340.jpg,defect free,1,85815b5b9d0124950858337032.jpg,defect free,True
images/defect free/01341.jpg,defect free,3,85a445991d1d4cf71156456502.jpg,defect free,True
images/defect free/01342.jpg,defect free,0,862d8e3d003f22e21219275001.jpg,defect free,True
images/defect free/01343.jpg,defect free,1,86389da012f4ad030952539436.jpg,defect free,True
images/defect free/01344.jpg,defect free,1,864bf36979a0015f0936440495.jpg,defect free,True
images/defect free/01345.jpg,defect free,4,864ea15ee5ef17110841319056.jpg,defect free,True
images/defect free/01346.jpg,defect free,0,86ac754aa166cf951233026542.jpg,defect free,True
images/defect free/01347.jpg,defect free,2,86c8a162ced096a70829120994.jpg,defect free,True
images/defect free/01348.jpg,defect free,4,8702504a5f4a3bb11056481535.jpg,defect free,True
images/defect free/01349.jpg,defect free,3,875f2e9ebd22067a0807460743.jpg,defect free,True
images/defect free/01350.jpg,defect free,0,8768f8b038b7691b0951527993.jpg,defect free,True
images/defect free/01351.jpg,defect free,3,87902f5caeeb1f640841119752.jpg,defect free,True
images/defect free/01352.jpg,defect free,2,879faf4b4ce5dd571445106942.jpg,defect free,True
images/defect free/01353.jpg,defect free,2,87a08845c98825d61444437853.jpg,defect free,True
images/defect free/01354.jpg,defect free,4,87a141dbb31739001256161754.jpg,defect free,True
images/defect free/01355.jpg,defect free,1,87b0848d6c13c6ae0849072715.jpg,defect free,True
images/defect free/01356.jpg,defect free,3,87ba3d4f9780bf260819509586.jpg,defect free,True
images/defect free/01357.jpg,defect free,3,87cb8b8c08258cf61637262471.jpg,defect free,True
images/defect free/01358.jpg,defect free,1,8882a615802a88661332066345.jpg,defect free,True
images/defect free/01359.jpg,defect free,4,8883d8cd2518f6c71633112214.jpg,defect free,True
images/defect free/01360.jpg,defect free,0,889d17d9789b63801045327933.jpg,defect free,True
images/defect free/01361.jpg,defect free,4,88c75eac0c9eec9a0804471435.jpg,defect free,True
images/defect free/01362.jpg,defect free,4,88c9dca3bd99292e1556152624.jpg,defect free,True
images/defect free/01363.jpg,defect free,2,88e60ffa2003871f1547398724.jpg,defect free,True
images/defect free/01364.jpg,defect free,1,88e75339aea8283f1052161701.jpg,defect free,True
images/defect free/01365.jpg,defect free,1,8904f8e25fa452360919505762.jpg,defect free,True
images/defect free/01366.jpg,defect free,4,8908cd76e456ebf41342212455.jpg,defect free,True
images/defect free/01367.jpg,defect free,2,895f44c7923213870950474971.jpg,defect free,True
images/defect free/01368.jpg,defect free,3,898bb8be2a58cc920801538006.jpg,defect free,True
images/defect free/01369.jpg,defect free,1,8992035b01c8c4b50808281814.jpg,defect free,True
images/defect free/01370.jpg,defect free,0,89abed76f2590d4c0812422926.jpg,defect free,True
images/defect free/01371.jpg,defect free,2,89b292dbec2c5e510835459391.jpg,defect free,True
images/defect free/01372.jpg,defect free,0,89f7b7a81b2877680823104116.jpg,defect free,True
images/defect free/01373.jpg,defect free,1,8a4ca5497df631281031588642.jpg,defect free,True
images/defect free/01374.jpg,defect free,0,8a90156b28eef19f0818593996.jpg,defect free,True
images/defect free/01375.jpg,defect free,0,8adf4e1784b838cd1234531526.jpg,defect free,True
images/defect free/01376.jpg,defect free,2,8b5585448cdabc1c0918005384.jpg,defect free,True
images/defect free/01377.jpg,defect free,1,8b9267777d4879e30815140782.jpg,defect free,True
images/defect free/01378.jpg,defect free,0,8b9cd7918c3024081346140911.jpg,defect free,True
images/defect free/01379.jpg,defect free,3,8beb68a94ac708a31427032864.jpg,defect free,True
images/defect free/01380.jpg,defect free,3,8c25cbe269aa33030841096135.jpg,defect free,True
images/defect free/01381.jpg,defect free,4,8c58d25d64bafd2f0828121061.jpg,defect free,True
images/defect free/01382.jpg,defect free,4,8c8353576a5fd0910828204333.jpg,defect free,True
images/defect free/01383.jpg,defect free,2,8c9e9539b960244f0838472111.jpg,defect free,True
images/defect free/01384.jpg,defect free,3,8cd660d15475bc471042044025.jpg,defect free,True
images/defect free/01385.jpg,defect free,0,8ce83950de857c770935219306.jpg,defect free,True
images/defect free/01386.jpg,defect free,4,8cf134113f349bc40836025662.jpg,defect free,True
images/defect free/01387.jpg,defect free,2,8cf2c1bf819480af1217516793.jpg,defect free,True
images/defect free/01388.jpg,defect free,4,8d267985e731bac31310544123.jpg,defect free,True
images/defect free/01389.jpg,defect free,4,8d68179d15ffc1950925191134.jpg,defect free,True
images/defect free/01390.jpg,defect free,1,8d8e538489ba73a00817438872.jpg,defect free,True
images/defect free/01391.jpg,defect free,1,8dab29a33c5c4f630902474621.jpg,defect free,True
images/defect free/01392.jpg,defect free,4,8dc4c46d56c217090831588925.jpg,defect free,True
images/defect free/01393.jpg,defect free,0,8dde584484fa209f1332352286.jpg,defect free,True
images/defect free/01394.jpg,defect free,2,8e0ea1bd6be633621341408885.jpg,defect free,True
images/defect free/01395.jpg,defect free,2,8e1d180b62bcbc050939189912.jpg,defect free,True
images/defect free/01396.jpg,defect free,3,8e1d68c4bf3a94180914458853.jpg,defect free,True
images/defect free/01397.jpg,defect free,0,8e63554dd24808190828540763.jpg,defect free,True
images/defect free/01398.jpg,defect free,4,8e63dae71ac015280806099406.jpg,defect free,True
images/defect free/01399.jpg,defect free,0,8ecb0f3ad2c0c0110934547673.jpg,defect free,True
images/defect free/01400.jpg,defect free,2,8fa819bcf8bb7f4f1232401785.jpg,defect free,True
images/defect free/01401.jpg,defect free,0,8fbcb70f7a17e9090827411236.jpg,defect free,True
images/defect free/01402.jpg,defect free,0,9.jpg,stain,False
images/defect free/01403.jpg,defect free,3,902be1415b8f06371030188714.jpg,defect free,True
images/defect free/01404.jpg,defect free,4,905973b8ae076bf41013572086.jpg,defect free,True
images/defect free/01405.jpg,defect free,2,9066d0c054540d6f1446321244.jpg,defect free,True
images/defect free/01406.jpg,defect free,0,908109d7f6ec8add1336157703.jpg,defect free,True
images/defect free/01407.jpg,defect free,2,9105129a25427bf91315301485.jpg,defect free,True
images/defect free/01408.jpg,defect free,0,910d80a7566bd7da1325231713.jpg,defect free,True
images/defect free/01409.jpg,defect free,0,9139e86380bffe3b0806357855.jpg,defect free,True
images/defect free/01410.jpg,defect free,4,91ba5a10d3aed7861513587552.jpg,defect free,True
images/defect free/01411.jpg,defect free,3,91dc7a7d23f5b0831010010525.jpg,defect free,True
images/defect free/01412.jpg,defect free,3,921bc2eb6ea6ef6b0938196635.jpg,defect free,True
images/defect free/01413.jpg,defect free,1,934189eb97cee59d0917280871.jpg,defect free,True
images/defect free/01414.jpg,defect free,0,93a957ccd635dfd50841095084.jpg,defect free,True
images/defect free/01415.jpg,defect free,0,93e4cc5e86a10d351340230862.jpg,defect free,True
images/defect free/01416.jpg,defect free,1,940544190f4409dd0801537474.jpg,defect free,True
images/defect free/01417.jpg,defect free,0,9440b48be2f5d8400812000242.jpg,defect free,True
images/defect free/01418.jpg,defect free,2,9464cff9358a138f1027303535.jpg,defect free,True
images/defect free/01419.jpg,defect free,2,947a857e416e86341212200142.jpg,defect free,True
images/defect free/01420.jpg,defect free,0,9495318d290257891034063862.jpg,defect free,True
images/defect free/01421.jpg,defect free,4,94976be52357593f1601079514.jpg,defect free,True
images/defect free/01422.jpg,defect free,3,94b2ba17b296a8331443451673.jpg,defect free,True
images/defect free/01423.jpg,defect free,2,94bea6f7280a0ab60806061142.jpg,defect free,True
images/defect free/01424.jpg,defect free,2,94dc2b4d2d1a686e0818593725.jpg,defect free,True
images/defect free/01425.jpg,defect free,0,94ed2865b2a2fcad1640532443.jpg,defect free,True
images/defect free/01426.jpg,defect free,1,952f8d4b164c758d1234415543.jpg,defect free,True
images/defect free/01427.jpg,defect free,2,95408651ac07a85f1332065532.jpg,defect free,True
images/defect free/01428.jpg,defect free,1,955cdfed59206ca60812000513.jpg,defect free,True
images/defect free/01429.jpg,defect free,3,95abbb01b5c8f7670842569254.jpg,defect free,True
images/defect free/01430.jpg,defect free,3,96349059444988430942206792.jpg,defect free,True
images/defect free/01431.jpg,defect free,1,96b052e0413999141418353844.jpg,defect free,True
images/defect free/01432.jpg,defect free,0,96b4b6558015c4060854359854.jpg,defect free,True
images/defect free/01433.jpg,defect free,4,96becd3cdfcb329c1338156792.jpg,defect free,True
images/defect free/01434.jpg,defect free,1,96c7408000e7ccfc1030577272.jpg,defect free,True
images/defect free/01435.jpg,defect free,0,96d1da84511110820947027321.jpg,defect free,True
images/defect free/01436.jpg,defect free,4,96ea839e8708921f1423398435.jpg,defect free,True
images/defect free/01437.jpg,defect free,1,96f13144878e4f851232401504.jpg,defect free,True
images/defect free/01438.jpg,defect free,0,97328bf750a429020947029265.jpg,defect free,True
images/defect free/01439.jpg,defect free,3,974e1a45d22f06fc0827208281.jpg,defect free,True
images/defect free/01440.jpg,defect free,1,97506f6e08cb7cee1006390181.jpg,defect free,True
images/defect free/01441.jpg,defect free,0,97b485e84eca833f1506154723.jpg,defect free,True
images/defect free/01442.jpg,defect free,2,97d5e1ccfd7d4d0b1609138814.jpg,defect free,True
images/defect free/01443.jpg,defect free,3,97f7cd4f7c1bacd10911513752.jpg,defect free,True
images/defect free/01444.jpg,defect free,3,982d475fe45eaee60853531322.jpg,defect free,True
images/defect free/01445.jpg,defect free,3,9832e66ba791a56f1346012121.jpg,defect free,True
images/defect free/01446.jpg,defect free,2,985c537c9f1e825a0922336234.jpg,defect free,True
images/defect free/01447.jpg,defect free,4,98a7a1ee01f37db01353113764.jpg,defect free,True
images/defect free/01448.jpg,defect free,3,98b7c3b013d561180858076444.jpg,defect free,True
images/defect free/01449.jpg,defect free,0,98bffd810062237b1057180124.jpg,defect free,True
images/defect free/01450.jpg,defect free,1,98d33394f582839e1336158245.jpg,defect free,True
images/defect free/01451.jpg,defect free,3,98eb4b05a5d26f120842085182.jpg,defect free,True
images/defect free/01452.jpg,defect free,0,98eeb9778b0e7add1258313646.jpg,defect free,True
images/defect free/01453.jpg,defect free,2,9916833e6aa040230945387245.jpg,defect free,True
images/defect free/01454.jpg,defect free,4,992286e5694f77f40850250041.jpg,defect free,True
images/defect free/01455.jpg,defect free,1,996da7297cfe5ff61633163012.jpg,defect free,True
images/defect free/01456.jpg,defect free,1,997ccdc299b4c24f0903259754.jpg,defect free,True
images/defect free/01457.jpg,defect free,2,998ba1f72e0f19961225208971.jpg,defect free,True
images/defect free/01458.jpg,defect free,1,99b20655fa4a2d150948168604.jpg,defect free,True
images/defect free/01459.jpg,defect free,4,99b61d5a957e577f0942207324.jpg,defect free,True
images/defect free/01460.jpg,defect free,3,99c381944ff45f891313102263.jpg,defect free,True
images/defect free/01461.jpg,defect free,0,99fbcabb2b7a12df1340231133.jpg,defect free,True
images/defect free/01462.jpg,defect free,3,9a541a71a4c09db40809205912.jpg,defect free,True
images/defect free/01463.jpg,defect free,4,9a60f0a99d3795890952539165.jpg,defect free,True
images/defect free/01464.jpg,defect free,3,9ae5ceb004fa80530847382146.jpg,defect free,True
images/defect free/01465.jpg,defect free,0,9b022c8642def0b71234530713.jpg,defect free,True
images/defect free/01466.jpg,defect free,0,9b1baba7824a8f471240380311.jpg,defect free,True
images/defect free/01467.jpg,defect free,0,9b40370baf474bdb0828541616.jpg,defect free,True
images/defect free/01468.jpg,defect free,1,9b72f8ef374548170936074932.jpg,defect free,True
images/defect free/01469.jpg,defect free,2,9bdc63207e3eb8590811033764.jpg,defect free,True
images/defect free/01470.jpg,defect free,3,9bee6044aeaa46f30846095426.jpg,defect free,True
images/defect free/01471.jpg,defect free,0,9c2d432334af94120940557752.jpg,defect free,True
images/defect free/01472.jpg,defect free,4,9c3258d127ba2ed10845307494.jpg,defect free,True
images/defect free/01473.jpg,defect free,3,9c68781d2a55c0b21231467143.jpg,defect free,True
images/defect free/01474.jpg,defect free,3,9c6a63c75551d61a1008174951.jpg,defect free,True
images/defect free/01475.jpg,defect free,1,9c8a3e656fc8b1a60940372513.jpg,defect free,True
images/defect free/01476.jpg,defect free,3,9c93ccaf9e210cc70825574586.jpg,defect free,True
images/defect free/01477.jpg,defect free,4,9c975e432d4db7dc1022134461.jpg,defect free,True
images/defect free/01478.jpg,defect free,4,9d63774c33e7abd10923027283.jpg,defect free,True
images/defect free/01479.jpg,defect free,1,9d8b49ae039599711554134031.jpg,defect free,True
images/defect free/01480.jpg,defect free,2,9da7be49216e6e641451305335.jpg,defect free,True
images/defect free/01481.jpg,defect free,3,9e36116e296dc0431340332725.jpg,defect free,True
images/defect free/01482.jpg,defect free,3,9e609544270b0fc81537442051.jpg,defect free,True
images/defect free/01483.jpg,defect free,3,9e673a28182935641635433911.jpg,defect free,True
images/defect free/01484.jpg,defect free,3,9e6fffb55e67ec730840225391.jpg,defect free,True
images/defect free/01485.jpg,defect free,4,9eee8dc26ff470201010009431.jpg,defect free,True
images/defect free/01486.jpg,defect free,3,9f02dcf5f3b44f860804103204.jpg,defect free,True
images/defect free/01487.jpg,defect free,1,9f0e7dac91ea4d4d1335591552.jpg,defect free,True
images/defect free/01488.jpg,defect free,1,9f1ed2065542c1c81014148976.jpg,defect free,True
images/defect free/01489.jpg,defect free,0,9f59c9e82b7131030841317182.jpg,defect free,True
images/defect free/01490.jpg,defect free,0,9f5cc349bfec2aa40943038452.jpg,defect free,True
images/defect free/01491.jpg,defect free,4,9f7626a98200735c0844218806.jpg,defect free,True
images/defect free/01492.jpg,defect free,1,9f81905e5398eb470932399654.jpg,defect free,True
images/defect free/01493.jpg,defect free,2,9fa55be1fddfc5401221418016.jpg,defect free,True
images/defect free/01494.jpg,defect free,0,9fa86d3602f1e4430832219283.jpg,defect free,True
images/defect free/01495.jpg,defect free,1,9fc84bea4fc720f90913594054.jpg,defect free,True
images/defect free/01496.jpg,defect free,0,9fd521567a5e5a3c1436167504.jpg,defect free,True
images/defect free/01497.jpg,defect free,2,9fdf9fbfec12f4c40932015791.jpg,defect free,True
images/defect free/01498.jpg,defect free,1,9ff453061857592a1619146891.jpg,defect free,True
images/defect free/01499.jpg,defect free,0,a012e7aa46d24ef11335394123.jpg,defect free,True
images/defect free/01500.jpg,defect free,2,a033ba3487335eef1005461413.jpg,defect free,True
images/defect free/01501.jpg,defect free,3,a05472ce8d97e25b1002599625.jpg,defect free,True
images/defect free/01502.jpg,defect free,1,a1232cbda00a4fa00939253384.jpg,defect free,True
images/defect free/01503.jpg,defect free,0,a19b56f52cbab3570841095864.jpg,defect free,True
images/defect free/01504.jpg,defect free,4,a1eea2d82b33b8b90814040956.jpg,defect free,True
images/defect free/01505.jpg,defect free,0,a22ce0371f7d98d61542550193.jpg,defect free,True
images/defect free/01506.jpg,defect free,1,a22dfae6acaf27bd0946562323.jpg,defect free,True
images/defect free/01507.jpg,defect free,3,a250ca7ca7400a961023098321.jpg,defect free,True
images/defect free/01508.jpg,defect free,0,a27dff80364428ae0801160445.jpg,defect free,True
images/defect free/01509.jpg,defect free,0,a28cb5874fad80e21340541703.jpg,defect free,True
images/defect free/01510.jpg,defect free,3,a28faef0fbb4a1441346030331.jpg,defect free,True
images/defect free/01511.jpg,defect free,3,a2e52d20e6596e861058219546.jpg,defect free,True
images/defect free/01512.jpg,defect free,3,a303faf14d5343f81208101384.jpg,defect free,True
images/defect free/01513.jpg,defect free,2,a32fc5076b366e171342494333.jpg,defect free,True
images/defect free/01514.jpg,defect free,3,a344786114b47ed11024458346.jpg,defect free,True
images/defect free/01515.jpg,defect free,3,a34a26d15a96db580820242062.jpg,defect free,True
images/defect free/01516.jpg,defect free,3,a3779dded4de4d891303015624.jpg,defect free,True
images/defect free/01517.jpg,defect free,3,a384707cdd54feb81046128736.jpg,defect free,True
images/defect free/01518.jpg,defect free,1,a3f160ace88922c71042042941.jpg,defect free,True
images/defect free/01519.jpg,defect free,1,a419dfa6953988690828524281.jpg,defect free,True
images/defect free/01520.jpg,defect free,0,a426e3bef9a681070940294085.jpg,defect free,True
images/defect free/01521.jpg,defect free,1,a43a88523e4ccee70903187903.jpg,defect free,True
images/defect free/01522.jpg,defect free,4,a444ffc61d29d9b70802286086.jpg,defect free,True
images/defect free/01523.jpg,defect free,1,a45e1876072ccb811310544374.jpg,defect free,True
images/defect free/01524.jpg,defect free,4,a46a707b4b8f66c51600524194.jpg,defect free,True
images/defect free/01525.jpg,defect free,1,a4a236fb16fad54b1241042855.jpg,defect free,True
images/defect free/01526.jpg,defect free,4,a4d4d07efb61952c0941584486.jpg,defect free,True
images/defect free/01527.jpg,defect free,3,a4d67b40bb93194b1336473522.jpg,defect free,True
images/defect free/01528.jpg,defect free,4,a4e938afe9a753670910181774.jpg,defect free,True
images/defect free/01529.jpg,defect free,0,a513060418a9d71f1043223596.jpg,defect free,True
images/defect free/01530.jpg,defect free,4,a53b9e73ae2d4b000828036051.jpg,defect free,True
images/defect free/01531.jpg,defect free,0,a5869a12575bce8e1449251861.jpg,defect free,True
images/defect free/01532.jpg,defect free,2,a592df9ae09afd451201573404.jpg,defect free,True
images/defect free/01533.jpg,defect free,0,a5d6d44051029e9a0954367235.jpg,defect free,True
images/defect free/01534.jpg,defect free,3,a60793d7736ac6260845005065.jpg,defect free,True
images/defect free/01535.jpg,defect free,1,a60af5387ba07a231000424081.jpg,defect free,True
images/defect free/01536.jpg,defect free,3,a69b87c9bf35b2571311510841.jpg,defect free,True
images/defect free/01537.jpg,defect free,3,a6e3647632d933f91220536743.jpg,defect free,True
images/defect free/01538.jpg,defect free,2,a70517b8f43ff6d20829035324.jpg,defect free,True
images/defect free/01539.jpg,defect free,4,a74fe68c46b63ee71411234226.jpg,defect free,True
images/defect free/01540.jpg,defect free,0,a7655f01f25465831303343811.jpg,defect free,True
images/defect free/01541.jpg,defect free,0,a78c5155364d853b1342294782.jpg,defect free,True
images/defect free/01542.jpg,defect free,0,a8308eb8ec094bca0946524735.jpg,defect free,True
images/defect free/01543.jpg,defect free,0,a89002ee6aac3e401201056123.jpg,defect free,True
images/defect free/01544.jpg,defect free,0,a8ba335f0358c8b61337033081.jpg,defect free,True
images/defect free/01545.jpg,defect free,1,a8e6c71a28d338c61206478296.jpg,defect free,True
images/defect free/01546.jpg,defect free,0,a8fc1cbf3ce2ded11632007214.jpg,defect free,True
images/defect free/01547.jpg,defect free,3,a906f55bf6fef0b60851013225.jpg,defect free,True
images/defect free/01548.jpg,defect free,4,a913c4379f1bcd791000291235.jpg,defect free,True
images/defect free/01549.jpg,defect free,0,a92cc895199cbe4f1451304251.jpg,defect free,True
images/defect free/01550.jpg,defect free,0,a971a649dda26b3d1220429231.jpg,defect free,True
images/defect free/01551.jpg,defect free,2,a9c84c1e0dfe31a60821470712.jpg,defect free,True
images/defect free/01552.jpg,defect free,2,a9dc721b87fb9b740838472372.jpg,defect free,True
images/defect free/01553.jpg,defect free,0,aacc701dbf97bf971551184253.jpg,defect free,True
images/defect free/01554.jpg,defect free,0,aacd8ca93b384ce41344053285.jpg,defect free,True
images/defect free/01555.jpg,defect free,4,aaddd0596ae4d3c81301443372.jpg,defect free,True
images/defect free/01556.jpg,defect free,4,aae0b4e39aa164131423397602.jpg,defect free,True
images/defect free/01557.jpg,defect free,1,ab6b279550a33fce1257116105.jpg,defect free,True
images/defect free/01558.jpg,defect free,3,ab876d580ce3b51a0835460204.jpg,defect free,True
images/defect free/01559.jpg,defect free,2,abe3a1e209efb8731342494072.jpg,defect free,True
images/defect free/01560.jpg,defect free,0,ac2e67a5b98a97a91032220174.jpg,defect free,True
images/defect free/01561.jpg,defect free,0,ac33c445395398941219094581.jpg,defect free,True
images/defect free/01562.jpg,defect free,1,ac8fbcdcdb6bb9be1029311491.jpg,defect free,True
images/defect free/01563.jpg,defect free,3,aca002a594f31ffd0935218503.jpg,defect free,True
images/defect free/01564.jpg,defect free,2,acc2276b8dc7a7830901177076.jpg,defect free,True
images/defect free/01565.jpg,defect free,3,ad055e55cbc6993e0810409951.jpg,defect free,True
images/defect free/01566.jpg,defect free,0,ad9cdb701a9bf9950924120484.jpg,defect free,True
images/defect free/01567.jpg,defect free,2,ad9de7d3771aa4060801350425.jpg,defect free,True
images/defect free/01568.jpg,defect free,2,ada49be8ecf867fe1300382913.jpg,defect free,True
images/defect free/01569.jpg,defect free,3,adba6bf0cf7658261605124191.jpg,defect free,True
images/defect free/01570.jpg,defect free,0,adc14a81a1f59ddf0841120575.jpg,defect free,True
images/defect free/01571.jpg,defect free,1,ade4b4b6ca558f560801537735.jpg,defect free,True
images/defect free/01572.jpg,defect free,0,ae1d338b91d4844d0819336566.jpg,defect free,True
images/defect free/01573.jpg,defect free,1,ae3dbbf4d70bb1c60829389611.jpg,defect free,True
images/defect free/01574.jpg,defect free,3,ae4f83b98116da5e1231586806.jpg,defect free,True
images/defect free/01575.jpg,defect free,2,ae52fa960fa9c14c1041359616.jpg,defect free,True
images/defect free/01576.jpg,defect free,2,ae5958a6c47e6eee1006490663.jpg,defect free,True
images/defect free/01577.jpg,defect free,1,ae73157ca288d9fa0846495324.jpg,defect free,True
images/defect free/01578.jpg,defect free,1,ae9137cf3af4263e0945174681.jpg,defect free,True
images/defect free/01579.jpg,defect free,2,aea8e0d0e6945bbd1209373732.jpg,defect free,True
images/defect free/01580.jpg,defect free,2,aecb613155bea3550932016614.jpg,defect free,True
images/defect free/01581.jpg,defect free,1,af668e3ccf22ed5b1231331964.jpg,defect free,True
images/defect free/01582.jpg,defect free,0,af8b8099c1bddfc81337034456.jpg,defect free,True
images/defect free/01583.jpg,defect free,4,afc17c011d05f5120945412304.jpg,defect free,True
images/defect free/01584.jpg,defect free,0,afc81c9198576e131448240421.jpg,defect free,True
images/defect free/01585.jpg,defect free,3,afd85c15ee1f80540814040404.jpg,defect free,True
images/defect free/01586.jpg,defect free,0,b01c8e5f91e00a441626068056.jpg,defect free,True
images/defect free/01587.jpg,defect free,1,b040659d98e847490940459675.jpg,defect free,True
images/defect free/01588.jpg,defect free,2,b0562c08413197281238528576.jpg,defect free,True
images/defect free/01589.jpg,defect free,0,b0a85cf97e3d03780942373202.jpg,defect free,True
images/defect free/01590.jpg,defect free,4,b0bbf6094102cb6a0849031482.jpg,defect free,True
images/defect free/01591.jpg,defect free,3,b0d40e67e923fe600814254715.jpg,defect free,True
images/defect free/01592.jpg,defect free,0,b184529cd392d7f80933349094.jpg,defect free,True
images/defect free/01593.jpg,defect free,0,b1970dc2498e2f901231332516.jpg,defect free,True
images/defect free/01594.jpg,defect free,4,b1c1f2f875f777dd1334215233.jpg,defect free,True
images/defect free/01595.jpg,defect free,2,b1f932054d6816b31310544916.jpg,defect free,True
images/defect free/01596.jpg,defect free,1,b1ff7b4bf4d3ba600812234235.jpg,defect free,True
images/defect free/01597.jpg,defect free,2,b2430c3205f1844a1045570056.jpg,defect free,True
images/defect free/01598.jpg,defect free,4,b2b500351aa4b46a1357432773.jpg,defect free,True
images/defect free/01599.jpg,defect free,4,b3153d7ddcbf6b641518221875.jpg,defect free,True
images/defect free/01600.jpg,defect free,0,b31992cbcf4b20940812177224.jpg,defect free,True
images/defect free/01601.jpg,defect free,4,b355aa95a3b2d9c91000290161.jpg,defect free,True
images/defect free/01602.jpg,defect free,3,b3561d3c474dbff10824134524.jpg,defect free,True
images/defect free/01603.jpg,defect free,3,b35b549046e207471335394956.jpg,defect free,True
images/defect free/01604.jpg,defect free,3,b361b46c8550952d0818521303.jpg,defect free,True
images/defect free/01605.jpg,defect free,0,b390ee3c71e4b60c1338320482.jpg,defect free,True
images/defect free/01606.jpg,defect free,4,b3fd5e7970df61181635096873.jpg,defect free,True
images/defect free/01607.jpg,defect free,2,b4153c7f56f1d3fd0945175835.jpg,defect free,True
images/defect free/01608.jpg,defect free,4,b4419263d8e8bb3b0903425866.jpg,defect free,True
images/defect free/01609.jpg,defect free,3,b47521fe91d32d131237314166.jpg,defect free,True
images/defect free/01610.jpg,defect free,2,b4785bf8ac8ffd571238413575.jpg,defect free,True
images/defect free/01611.jpg,defect free,3,b4be9e78108c87d10855222444.jpg,defect free,True
images/defect free/01612.jpg,defect free,4,b4c440aae59adc141249171361.jpg,defect free,True
images/defect free/01613.jpg,defect free,1,b4dd47c14dbf5dc61233364973.jpg,defect free,True
images/defect free/01614.jpg,defect free,4,b52493af124c5e3e0832229194.jpg,defect free,True
images/defect free/01615.jpg,defect free,1,b575a33b0684c9641612223105.jpg,defect free,True
images/defect free/01616.jpg,defect free,1,b5793266aaa999710953518673.jpg,defect free,True
images/defect free/01617.jpg,defect free,4,b5d8b59eecb66e760940372232.jpg,defect free,True
images/defect free/01618.jpg,defect free,4,b6202a47a2cca1590903305214.jpg,defect free,True
images/defect free/01619.jpg,defect free,0,b6924319ccd20e1f0913233666.jpg,defect free,True
images/defect free/01620.jpg,defect free,2,b6ab1c617d3eec5d0934105435.jpg,defect free,True
images/defect free/01621.jpg,defect free,4,b71a02c554dd967f1208100842.jpg,defect free,True
images/defect free/01622.jpg,defect free,2,b755f43bfee234640846094884.jpg,defect free,True
images/defect free/01623.jpg,defect free,3,b774903aca7e08be1548164385.jpg,defect free,True
images/defect free/01624.jpg,defect free,0,b776b6b30c6306871013261952.jpg,defect free,True
images/defect free/01625.jpg,defect free,2,b79bb760690d06200758289785.jpg,defect free,True
images/defect free/01626.jpg,defect free,4,b81ac522666971390836397931.jpg,defect free,True
images/defect free/01627.jpg,defect free,3,b82ca79d6f2aab0e0852314013.jpg,defect free,True
images/defect free/01628.jpg,defect free,0,b86ed80913f24a091313546823.jpg,defect free,True
images/defect free/01629.jpg,defect free,0,b87f9f5ec349d2d10938390646.jpg,defect free,True
images/defect free/01630.jpg,defect free,3,b8b7b108f19d0bf51514206314.jpg,defect free,True
images/defect free/01631.jpg,defect free,1,b91e96d935f7a0d61229391272.jpg,defect free,True
images/defect free/01632.jpg,defect free,4,b9450effddf07ab10916213925.jpg,defect free,True
images/defect free/01633.jpg,defect free,3,b99a3614dd40440e1257115563.jpg,defect free,True
images/defect free/01634.jpg,defect free,3,b9d5417bd503c3641011255864.jpg,defect free,True
images/defect free/01635.jpg,defect free,4,b9d5bff8f91a0f6a1627218432.jpg,defect free,True
images/defect free/01636.jpg,defect free,3,ba233377e13b228a1332065803.jpg,defect free,True
images/defect free/01637.jpg,defect free,3,ba51946c47b779dd0929591765.jpg,defect free,True
images/defect free/01638.jpg,defect free,2,ba66a1ef836600961619147433.jpg,defect free,True
images/defect free/01639.jpg,defect free,4,ba8081f25938e2ce0903127765.jpg,defect free,True
images/defect free/01640.jpg,defect free,0,ba8ddf76136e8aa40812576095.jpg,defect free,True
images/defect free/01641.jpg,defect free,1,bad005ad157b69721019134071.jpg,defect free,True
images/defect free/01642.jpg,defect free,2,bb236e106080f7e50845307755.jpg,defect free,True
images/defect free/01643.jpg,defect free,0,bb25fcd15286fdc41311512186.jpg,defect free,True
images/defect free/01644.jpg,defect free,2,bb7c0f3ae1e2a17b1016389622.jpg,defect free,True
images/defect free/01645.jpg,defect free,1,bbb064bf079e58b21036169881.jpg,defect free,True
images/defect free/01646.jpg,defect free,4,bc19e43a252acb900846200511.jpg,defect free,True
images/defect free/01647.jpg,defect free,2,bc2d65f7a8b220bc1203104575.jpg,defect free,True
images/defect free/01648.jpg,defect free,2,bc7e44b34345aa361007567921.jpg,defect free,True
images/defect free/01649.jpg,defect free,2,bc9bdc4c63453b330915102993.jpg,defect free,True
images/defect free/01650.jpg,defect free,3,bcf5b219c08e203c1006182001.jpg,defect free,True
images/defect free/01651.jpg,defect free,1,bd12e8af9d08aa440815070671.jpg,defect free,True
images/defect free/01652.jpg,defect free,4,bdaa2d29f20a1e990816503752.jpg,defect free,True
images/defect free/01653.jpg,defect free,3,be2f9c3c04b6fcbe0928451935.jpg,defect free,True
images/defect free/01654.jpg,defect free,3,be556b4e829dd6231005079001.jpg,defect free,True
images/defect free/01655.jpg,defect free,2,beb35c8e2627285e0915589161.jpg,defect free,True
images/defect free/01656.jpg,defect free,1,bed4a427b742449d1259568425.jpg,defect free,True
images/defect free/01657.jpg,defect free,2,bee17003cc1adffa1547398995.jpg,defect free,True
images/defect free/01658.jpg,defect free,0,bf0c569f6eb5242f0759373212.jpg,defect free,True
images/defect free/01659.jpg,defect free,2,bf391035720d02921308198722.jpg,defect free,True
images/defect free/01660.jpg,defect free,2,bf3be9ed0ed73bb91459414784.jpg,defect free,True
images/defect free/01661.jpg,defect free,1,bf3bebf5f75881420829406576.jpg,defect free,True
images/defect free/01662.jpg,defect free,3,bf408b0132baaad01537310155.jpg,defect free,True
images/defect free/01663.jpg,defect free,2,bfc1aaeefd8d9e671342370635.jpg,defect free,True
images/defect free/01664.jpg,defect free,4,c00f2a37ba2095b31615281611.jpg,defect free,True
images/defect free/01665.jpg,defect free,4,c00fb40095a7e81c0932017176.jpg,defect free,True
images/defect free/01666.jpg,defect free,3,c01ffada83236a071512091452.jpg,defect free,True
images/defect free/01667.jpg,defect free,3,c045c62e3cf5fb331338597306.jpg,defect free,True
images/defect free/01668.jpg,defect free,1,c04cb05a6785ab711335256873.jpg,defect free,True
images/defect free/01669.jpg,defect free,2,c0538b2748bb03c20831319562.jpg,defect free,True
images/defect free/01670.jpg,defect free,4,c06684b48514dbd21335119226.jpg,defect free,True
images/defect free/01671.jpg,defect free,1,c069aeceb68aad011518221614.jpg,defect free,True
images/defect free/01672.jpg,defect free,2,c07c9b914d0613691323582276.jpg,defect free,True
images/defect free/01673.jpg,defect free,2,c0a7996b3de8d3cc1303269911.jpg,defect free,True
images/defect free/01674.jpg,defect free,2,c0dee6776dfca5050957335673.jpg,defect free,True
images/defect free/01675.jpg,defect free,3,c1817c8cb2f4eebd1002553601.jpg,defect free,True
images/defect free/01676.jpg,defect free,2,c1beec2cfb476cf20844383086.jpg,defect free,True
images/defect free/01677.jpg,defect free,4,c1e319ecde09a9e51330488135.jpg,defect free,True
images/defect free/01678.jpg,defect free,4,c1e622c1154f796a1001392473.jpg,defect free,True
images/defect free/01679.jpg,defect free,3,c21a51215845cf370939051731.jpg,defect free,True
images/defect free/01680.jpg,defect free,4,c23ad620bbd270a71208100581.jpg,defect free,True
images/defect free/01681.jpg,defect free,4,c25e5193e1b304351344264526.jpg,defect free,True
images/defect free/01682.jpg,defect free,4,c27e938ee3084e870836152111.jpg,defect free,True
images/defect free/01683.jpg,defect free,3,c29014e2d550ad3c1047356254.jpg,defect free,True
images/defect free/01684.jpg,defect free,3,c2bd619f61acdf501343070183.jpg,defect free,True
images/defect free/01685.jpg,defect free,2,c2c92710236990861210143193.jpg,defect free,True
images/defect free/01686.jpg,defect free,0,c2f7a879fed9a61a0807461596.jpg,defect free,True
images/defect free/01687.jpg,defect free,3,c38a71fa773aa56f1517298223.jpg,defect free,True
images/defect free/01688.jpg,defect free,2,c3aee4b67719ada81631340303.jpg,defect free,True
images/defect free/01689.jpg,defect free,0,c3d73af9438e4e7f1028018771.jpg,defect free,True
images/defect free/01690.jpg,defect free,3,c3edf6c1d22bd4291006197336.jpg,defect free,True
images/defect free/01691.jpg,defect free,2,c3f6d9bcd687018d0833527402.jpg,defect free,True
images/defect free/01692.jpg,defect free,4,c471a53546c1ef261036170694.jpg,defect free,True
images/defect free/01693.jpg,defect free,2,c4a0ada6a692ac9d0933349355.jpg,defect free,True
images/defect free/01694.jpg,defect free,4,c4c6deb111f8ac7a0833527131.jpg,defect free,True
images/defect free/01695.jpg,defect free,0,c4f3e4e04a4ef5610825217905.jpg,defect free,True
images/defect free/01696.jpg,defect free,0,c4f5430047c013280814405696.jpg,defect free,True
images/defect free/01697.jpg,defect free,3,c50e1ce727d3eb031331117571.jpg,defect free,True
images/defect free/01698.jpg,defect free,2,c526305b844a57660914418681.jpg,defect free,True
images/defect free/01699.jpg,defect free,2,c566dd836ad9d4301000125305.jpg,defect free,True
images/defect free/01700.jpg,defect free,2,c5e2cec859a311a41207429061.jpg,defect free,True
images/defect free/01701.jpg,defect free,3,c5fc233c80c87f4b1342495156.jpg,defect free,True
images/defect free/01702.jpg,defect free,1,c61b3ac10b08d1410903530813.jpg,defect free,True
images/defect free/01703.jpg,defect free,0,c636790adda9540c1248019416.jpg,defect free,True
images/defect free/01704.jpg,defect free,1,c64ce5aaeebefce60907126484.jpg,defect free,True
images/defect free/01705.jpg,defect free,1,c67c5549d8f19c3e0939190725.jpg,defect free,True
images/defect free/01706.jpg,defect free,3,c6a5debaed754ca31629187952.jpg,defect free,True
images/defect free/01707.jpg,defect free,2,c6f589ed7cd802bc1534434975.jpg,defect free,True
images/defect free/01708.jpg,defect free,2,c709f3775a6c84910827479342.jpg,defect free,True
images/defect free/01709.jpg,defect free,1,c70b7007b44a8ead1028019574.jpg,defect free,True
images/defect free/01710.jpg,defect free,1,c71d53de1f1bdc0e1027534115.jpg,defect free,True
images/defect free/01711.jpg,defect free,4,c7203f2669c0e1400918320335.jpg,defect free,True
images/defect free/01712.jpg,defect free,4,c749d2b4a6cda8640937426245.jpg,defect free,True
images/defect free/01713.jpg,defect free,4,c74cb14700a794210914459124.jpg,defect free,True
images/defect free/01714.jpg,defect free,1,c7b8c70fc5c1ee4d1042393425.jpg,defect free,True
images/defect free/01715.jpg,defect free,0,c830d2ac7bbd0c541006033136.jpg,defect free,True
images/defect free/01716.jpg,defect free,3,c8d1fc31da4dba081346141453.jpg,defect free,True
images/defect free/01717.jpg,defect free,0,c8d487972413fa520938250636.jpg,defect free,True
images/defect free/01718.jpg,defect free,2,c8d5128c909cff0e0823285374.jpg,defect free,True
images/defect free/01719.jpg,defect free,0,c9198336590538631549249945.jpg,defect free,True
images/defect free/01720.jpg,defect free,0,c96529ced8362deb0814404903.jpg,defect free,True
images/defect free/01721.jpg,defect free,3,c9778c388808eae80938388521.jpg,defect free,True
images/defect free/01722.jpg,defect free,2,c9f45e74790f07951340048903.jpg,defect free,True
images/defect free/01723.jpg,defect free,4,ca15aa011aee78f50825574054.jpg,defect free,True
images/defect free/01724.jpg,defect free,3,ca286c50b434d3e60759003866.jpg,defect free,True
images/defect free/01725.jpg,defect free,3,ca418ffcd1cd762d1242286706.jpg,defect free,True
images/defect free/01726.jpg,defect free,3,ca4f90df0070b9441220536472.jpg,defect free,True
images/defect free/01727.jpg,defect free,3,ca6e33e62e56d8f41030078195.jpg,defect free,True
images/defect free/01728.jpg,defect free,4,ca84921417699f911534277132.jpg,defect free,True
images/defect free/01729.jpg,defect free,4,ca989851ca0f001e0916279846.jpg,defect free,True
images/defect free/01730.jpg,defect free,1,cabedbef190ff8b80841000254.jpg,defect free,True
images/defect free/01731.jpg,defect free,1,cb0dc1f9856d8c001340542536.jpg,defect free,True
images/defect free/01732.jpg,defect free,4,cb517698953d241c1459414262.jpg,defect free,True
images/defect free/01733.jpg,defect free,1,cbbabbfa87786d841022420266.jpg,defect free,True
images/defect free/01734.jpg,defect free,3,cbc01a93cd85e90b1340588096.jpg,defect free,True
images/defect free/01735.jpg,defect free,0,cbc3a8769c08e13f0922412294.jpg,defect free,True
images/defect free/01736.jpg,defect free,3,cbc70c4e87076dd21606026062.jpg,defect free,True
images/defect free/01737.jpg,defect free,4,cc0c67b689741e4c1241584296.jpg,defect free,True
images/defect free/01738.jpg,defect free,2,cc7388f79beb8b5b0934444694.jpg,defect free,True
images/defect free/01739.jpg,defect free,2,cc87b8e2380de8171052163575.jpg,defect free,True
images/defect free/01740.jpg,defect free,0,cc95e4c8c90cc3750830564186.jpg,defect free,True
images/defect free/01741.jpg,defect free,4,cca11e2680767cb70841318514.jpg,defect free,True
images/defect free/01742.jpg,defect free,3,cd031e5801c749031335393561.jpg,defect free,True
images/defect free/01743.jpg,defect free,3,cd33bc6d181d3bae1633163574.jpg,defect free,True
images/defect free/01744.jpg,defect free,4,cd8dffd3c7eec7951238214985.jpg,defect free,True
images/defect free/01745.jpg,defect free,2,cdae4855b0097a0a1213025471.jpg,defect free,True
images/defect free/01746.jpg,defect free,1,cdb39d4fe90b29ec1005343964.jpg,defect free,True
images/defect free/01747.jpg,defect free,2,cdf2dc38da093bf10939549473.jpg,defect free,True
images/defect free/01748.jpg,defect free,3,ce0d235052dbf5551238054094.jpg,defect free,True
images/defect free/01749.jpg,defect free,3,ce5cf6958b78e3411314565223.jpg,defect free,True
images/defect free/01750.jpg,defect free,1,ce6c85a7983529f71333430361.jpg,defect free,True
images/defect free/01751.jpg,defect free,2,ce739695a5d25feb0826409086.jpg,defect free,True
images/defect free/01752.jpg,defect free,1,ceb18e9dbaf74bf91418533684.jpg,defect free,True
images/defect free/01753.jpg,defect free,0,cedc091d2e7f5e4f1005080075.jpg,defect free,True
images/defect free/01754.jpg,defect free,2,cede18c7c958502c1057541584.jpg,defect free,True
images/defect free/01755.jpg,defect free,3,cedeb301bc05528c0804296191.jpg,defect free,True
images/defect free/01756.jpg,defect free,3,cf087aeb4da63d850815141053.jpg,defect free,True
images/defect free/01757.jpg,defect free,3,cfce8a7c9db3296d1627431506.jpg,defect free,True
images/defect free/01758.jpg,defect free,4,cfe375c1e841b2f90823285645.jpg,defect free,True
images/defect free/01759.jpg,defect free,4,d03078263754d61f1630063991.jpg,defect free,True
images/defect free/01760.jpg,defect free,1,d03ff33850b2e13d0849072444.jpg,defect free,True
images/defect free/01761.jpg,defect free,2,d04582b102893fd90824266416.jpg,defect free,True
images/defect free/01762.jpg,defect free,3,d0e9620cef3c191f1247074153.jpg,defect free,True
images/defect free/01763.jpg,defect free,3,d165777dab506f091310032174.jpg,defect free,True
images/defect free/01764.jpg,defect free,0,d1834346fc505b0c0920045462.jpg,defect free,True
images/defect free/01765.jpg,defect free,4,d1f9f23ead6b65400828037406.jpg,defect free,True
images/defect free/01766.jpg,defect free,1,d2197bf8f3d28d2f1027303806.jpg,defect free,True
images/defect free/01767.jpg,defect free,3,d234599cf81f18441454315993.jpg,defect free,True
images/defect free/01768.jpg,defect free,3,d2630ac3bbc61c191004219803.jpg,defect free,True
images/defect free/01769.jpg,defect free,2,d26ac7168bbd4ef00924344835.jpg,defect free,True
images/defect free/01770.jpg,defect free,2,d2e0220eff0e57060835591131.jpg,defect free,True
images/defect free/01771.jpg,defect free,3,d32a51126513ed621235157601.jpg,defect free,True
images/defect free/01772.jpg,defect free,4,d348a57ad02c17520810208823.jpg,defect free,True
images/defect free/01773.jpg,defect free,4,d3ac9429afad001b0925190863.jpg,defect free,True
images/defect free/01774.jpg,defect free,4,d3d144ca3e0d19f30944520273.jpg,defect free,True
images/defect free/01775.jpg,defect free,2,d3dd82affecd8ce10852313491.jpg,defect free,True
images/defect free/01776.jpg,defect free,0,d41f07cd501482b61008491112.jpg,defect free,True
images/defect free/01777.jpg,defect free,4,d444c396d765e64d1357433576.jpg,defect free,True
images/defect free/01778.jpg,defect free,2,d4871b25ccecfad20806357273.jpg,defect free,True
images/defect free/01779.jpg,defect free,4,d4a96f941ef2cce50827545241.jpg,defect free,True
images/defect free/01780.jpg,defect free,2,d4c95c83bbb46e450945412856.jpg,defect free,True
images/defect free/01781.jpg,defect free,2,d53a29472ec7ae3c0902213986.jpg,defect free,True
images/defect free/01782.jpg,defect free,1,d54d28e40b9684721004333232.jpg,defect free,True
images/defect free/01783.jpg,defect free,0,d56d93cf3a9ce89b1332066606.jpg,defect free,True
images/defect free/01784.jpg,defect free,0,d5b6fea10b1e25e31629373442.jpg,defect free,True
images/defect free/01785.jpg,defect free,3,d5c44f5c4b3715150941495032.jpg,defect free,True
images/defect free/01786.jpg,defect free,1,d60bde1d4fcb66a91510146884.jpg,defect free,True
images/defect free/01787.jpg,defect free,1,d665ffcbe1e618091341321641.jpg,defect free,True
images/defect free/01788.jpg,defect free,0,d67438d3871da8fe1001392192.jpg,defect free,True
images/defect free/01789.jpg,defect free,3,d67837513a39c89e1340587825.jpg,defect free,True
images/defect free/01790.jpg,defect free,2,d67f5971d0bc36ca1302492784.jpg,defect free,True
images/defect free/01791.jpg,defect free,4,d68c0b9d802c704c1203462315.jpg,defect free,True
images/defect free/01792.jpg,defect free,4,d6d1a165badb84f80935108366.jpg,defect free,True
images/defect free/01793.jpg,defect free,4,d6e326561bd3f26a0914416562.jpg,defect free,True
images/defect free/01794.jpg,defect free,1,d757faf685b91bb81013262494.jpg,defect free,True
images/defect free/01795.jpg,defect free,0,d77611833532aa2e1241043116.jpg,defect free,True
images/defect free/01796.jpg,defect free,3,d79824349b3a85e90838100744.jpg,defect free,True
images/defect free/01797.jpg,defect free,2,d7a154fbcb3f5aa50827410433.jpg,defect free,True
images/defect free/01798.jpg,defect free,4,d7a70cb3c7b86fec0935217543.jpg,defect free,True
images/defect free/01799.jpg,defect free,0,d7bfc5776e60476d1345271536.jpg,defect free,True
images/defect free/01800.jpg,defect free,0,d7f9654efc001fc90950247322.jpg,defect free,True
images/defect free/01801.jpg,defect free,4,d8060ba8cf210d880904435971.jpg,defect free,True
images/defect free/01802.jpg,defect free,0,d83845eac33d9d150821471515.jpg,defect free,True
images/defect free/01803.jpg,defect free,4,d84b0e25d8ec00ef0900445992.jpg,defect free,True
images/defect free/01804.jpg,defect free,1,d857fe25b2191b650941271251.jpg,defect free,True
images/defect free/01805.jpg,defect free,0,d86d8df33957c0040842093816.jpg,defect free,True
images/defect free/01806.jpg,defect free,4,d88f456e965f28580930445164.jpg,defect free,True
images/defect free/01807.jpg,defect free,2,d8a5b4a05da650901344052472.jpg,defect free,True
images/defect free/01808.jpg,defect free,4,d93ebb27b6e7bb621427033406.jpg,defect free,True
images/defect free/01809.jpg,defect free,2,d94c3fe3a53300631340542255.jpg,defect free,True
images/defect free/01810.jpg,defect free,0,d951c965306753db0945047563.jpg,defect free,True
images/defect free/01811.jpg,defect free,2,d9af7ef4823488ca1217516532.jpg,defect free,True
images/defect free/01812.jpg,defect free,1,da8e316354dc99b20946040792.jpg,defect free,True
images/defect free/01813.jpg,defect free,4,db0524955464f30e0758011585.jpg,defect free,True
images/defect free/01814.jpg,defect free,2,dbb6b6c6ccbdbb5b1335256592.jpg,defect free,True
images/defect free/01815.jpg,defect free,2,dc211a07a1be7dbf0918179814.jpg,defect free,True
images/defect free/01816.jpg,defect free,3,dc3adc032490aee61047380896.jpg,defect free,True
images/defect free/01817.jpg,defect free,3,dc3f2d6458ab72d70903424481.jpg,defect free,True
images/defect free/01818.jpg,defect free,2,dc40c94161f4b3ef0933469076.jpg,defect free,True
images/defect free/01819.jpg,defect free,4,dc42798cd56ce1420905235945.jpg,defect free,True
images/defect free/01820.jpg,defect free,4,dc68618c4006ae930939588233.jpg,defect free,True
images/defect free/01821.jpg,defect free,1,dc7b803b2525294c1338410921.jpg,defect free,True
images/defect free/01822.jpg,defect free,3,dcb72529982824d61345283131.jpg,defect free,True
images/defect free/01823.jpg,defect free,2,dcb95d9737da44ed1308199816.jpg,defect free,True
images/defect free/01824.jpg,defect free,4,dcca6d85d0a4427c1628556164.jpg,defect free,True
images/defect free/01825.jpg,defect free,1,dd08aa8e4608496a0942324025.jpg,defect free,True
images/defect free/01826.jpg,defect free,0,dd3b354853cb97021337423032.jpg,defect free,True
images/defect free/01827.jpg,defect free,1,dd41d460ae1c43ac0951527722.jpg,defect free,True
images/defect free/01828.jpg,defect free,3,dd42b8f0604393901332537786.jpg,defect free,True
images/defect free/01829.jpg,defect free,2,dd7697ea238a54801339529005.jpg,defect free,True
images/defect free/01830.jpg,defect free,1,ddf0063bb8aba5c21342295866.jpg,defect free,True
images/defect free/01831.jpg,defect free,2,de3292a2c4fa05a60934210722.jpg,defect free,True
images/defect free/01832.jpg,defect free,0,de45f9396ed0943c0759003595.jpg,defect free,True
images/defect free/01833.jpg,defect free,2,de510f15af7d8c891207214996.jpg,defect free,True
images/defect free/01834.jpg,defect free,4,de81af730886b9881537308552.jpg,defect free,True
images/defect free/01835.jpg,defect free,0,de832fed8e51f68b1634319144.jpg,defect free,True
images/defect free/01836.jpg,defect free,2,de91db5a8dde338f1027533844.jpg,defect free,True
images/defect free/01837.jpg,defect free,1,defc08b8315430960921523573.jpg,defect free,True
images/defect free/01838.jpg,defect free,3,df1672d7c58324cd0914173056.jpg,defect free,True
images/defect free/01839.jpg,defect free,3,df23150c964bc7681626279254.jpg,defect free,True
images/defect free/01840.jpg,defect free,0,df757062260898a00809272075.jpg,defect free,True
images/defect free/01841.jpg,defect free,1,dfae7732d7ca525c0841120836.jpg,defect free,True
images/defect free/01842.jpg,defect free,0,dfccec82a80c85391000124211.jpg,defect free,True
images/defect free/01843.jpg,defect free,3,dfd83253ffea030b0941271793.jpg,defect free,True
images/defect free/01844.jpg,defect free,3,dfde76f7027816981304423494.jpg,defect free,True
images/defect free/01845.jpg,defect free,4,e0088414a5ec0a710810559871.jpg,defect free,True
images/defect free/01846.jpg,defect free,3,e0a7e2e1b4af17a91207213912.jpg,defect free,True
images/defect free/01847.jpg,defect free,4,e0b46014ed204d891206477202.jpg,defect free,True
images/defect free/01848.jpg,defect free,2,e1323f5fb8d6707a1330487593.jpg,defect free,True
images/defect free/01849.jpg,defect free,2,e144b2d4e5c3af800814428695.jpg,defect free,True
images/defect free/01850.jpg,defect free,1,e1790685c82623830809069801.jpg,defect free,True
images/defect free/01851.jpg,defect free,2,e191b2f1104286d50905198443.jpg,defect free,True
images/defect free/01852.jpg,defect free,2,e1e62ee73af0b8770934210983.jpg,defect free,True
images/defect free/01853.jpg,defect free,0,e29a8280f0ba26a11343070986.jpg,defect free,True
images/defect free/01854.jpg,defect free,2,e2bc00b0bbc740000838236761.jpg,defect free,True
images/defect free/01855.jpg,defect free,1,e2ca0def8323260d0849208463.jpg,defect free,True
images/defect free/01856.jpg,defect free,0,e2fefa2fcbaba9450950247051.jpg,defect free,True
images/defect free/01857.jpg,defect free,1,e30a45afee1cbdd80826578364.jpg,defect free,True
images/defect free/01858.jpg,defect free,2,e321ef25ba776dd10818522106.jpg,defect free,True
images/defect free/01859.jpg,defect free,3,e34b71820ed619581011404234.jpg,defect free,True
images/defect free/01860.jpg,defect free,1,e3ab39b0e55df98e0816254905.jpg,defect free,True
images/defect free/01861.jpg,defect free,4,e3c13db1b1fed44d0903304672.jpg,defect free,True
images/defect free/01862.jpg,defect free,3,e3cb8aeed42a43430828146284.jpg,defect free,True
images/defect free/01863.jpg,defect free,2,e3cff9937c3377f81047039386.jpg,defect free,True
images/defect free/01864.jpg,defect free,1,e4bdbc4245852ad20808503156.jpg,defect free,True
images/defect free/01865.jpg,defect free,2,e4bea62b094537171310031442.jpg,defect free,True
images/defect free/01866.jpg,defect free,3,e59e44d340fec2df1235397394.jpg,defect free,True
images/defect free/01867.jpg,defect free,3,e60aff8151065f9c0934444965.jpg,defect free,True
images/defect free/01868.jpg,defect free,4,e6215e336eac8c460854359322.jpg,defect free,True
images/defect free/01869.jpg,defect free,3,e652009bbe002c2b0945411772.jpg,defect free,True
images/defect free/01870.jpg,defect free,1,e67c49f628fd207f0828122416.jpg,defect free,True
images/defect free/01871.jpg,defect free,0,e6888014574ab2d60911373023.jpg,defect free,True
images/defect free/01872.jpg,defect free,1,e73f5b50520a87b00908009636.jpg,defect free,True
images/defect free/01873.jpg,defect free,3,e75429a2409d755d0828204082.jpg,defect free,True
images/defect free/01874.jpg,defect free,3,e79098dc87ef27630850159223.jpg,defect free,True
images/defect free/01875.jpg,defect free,1,e7938b2bb3d249140829268831.jpg,defect free,True
images/defect free/01876.jpg,defect free,1,e7b00de6d6873ea20827545502.jpg,defect free,True
images/defect free/01877.jpg,defect free,1,e7b71f4f895f2c3b1334562663.jpg,defect free,True
images/defect free/01878.jpg,defect free,1,e7bbb9d53453635a0810208552.jpg,defect free,True
images/defect free/01879.jpg,defect free,0,e7eb835450d0c3391555305871.jpg,defect free,True
images/defect free/01880.jpg,defect free,2,e91abaebc3d64c861338411985.jpg,defect free,True
images/defect free/01881.jpg,defect free,3,e91da593beb8d93c1020160554.jpg,defect free,True
images/defect free/01882.jpg,defect free,1,e9299288bd885fa90836026455.jpg,defect free,True
images/defect free/01883.jpg,defect free,3,e98b4ba3845768721330587001.jpg,defect free,True
images/defect free/01884.jpg,defect free,2,e9a2d0c60b7bc3fb0850421462.jpg,defect free,True
images/defect free/01885.jpg,defect free,0,e9dbe18aaf91db980835108201.jpg,defect free,True
images/defect free/01886.jpg,defect free,3,eaaf705f6000df951602378052.jpg,defect free,True
images/defect free/01887.jpg,defect free,3,eab7471ced88fcf70901575656.jpg,defect free,True
images/defect free/01888.jpg,defect free,3,eae8d2d8eef78f501056190023.jpg,defect free,True
images/defect free/01889.jpg,defect free,3,eaf5f0cb3d6058711238053823.jpg,defect free,True
images/defect free/01890.jpg,defect free,3,eaf92276ce2cf1af1335118162.jpg,defect free,True
images/defect free/01891.jpg,defect free,2,eb0da4986b05ac171241248606.jpg,defect free,True
images/defect free/01892.jpg,defect free,3,eb530e50ceea2d910938536312.jpg,defect free,True
images/defect free/01893.jpg,defect free,2,eb609bd512955c4b0847255213.jpg,defect free,True
images/defect free/01894.jpg,defect free,4,ebf0c38cb573fabd1543192253.jpg,defect free,True
images/defect free/01895.jpg,defect free,0,ec2b06ddb666e6c10859044632.jpg,defect free,True
images/defect free/01896.jpg,defect free,3,ec5546c52dde065b0905236216.jpg,defect free,True
images/defect free/01897.jpg,defect free,0,ec938c6f9c4dd3620950475804.jpg,defect free,True
images/defect free/01898.jpg,defect free,2,eca14e458db2de300850268566.jpg,defect free,True
images/defect free/01899.jpg,defect free,2,ecafd3696ffce5c91007096051.jpg,defect free,True
images/defect free/01900.jpg,defect free,1,eccadfd2d4246a771057534254.jpg,defect free,True
images/defect free/01901.jpg,defect free,4,ecd814041d6bdb0d0806356681.jpg,defect free,True
images/defect free/01902.jpg,defect free,2,ece57703e4b161e71005080356.jpg,defect free,True
images/defect free/01903.jpg,defect free,3,ed06030dc13719ec1339329362.jpg,defect free,True
images/defect free/01904.jpg,defect free,3,ed67b4ee8989ab8f1331286041.jpg,defect free,True
images/defect free/01905.jpg,defect free,2,ed79da20463172831219589832.jpg,defect free,True
images/defect free/01906.jpg,defect free,3,ed96899f408173330918179543.jpg,defect free,True
images/defect free/01907.jpg,defect free,1,ee46ef29b445393c0945048115.jpg,defect free,True
images/defect free/01908.jpg,defect free,1,ee573157237bb0ef0842431216.jpg,defect free,True
images/defect free/01909.jpg,defect free,3,ee7d6ece93cebce50944519992.jpg,defect free,True
images/defect free/01910.jpg,defect free,3,ee99c57fdf0f05d21203104304.jpg,defect free,True
images/defect free/01911.jpg,defect free,2,eea79310a9e4fa9b0952397886.jpg,defect free,True
images/defect free/01912.jpg,defect free,1,eec04f3315af620e0848247141.jpg,defect free,True
images/defect free/01913.jpg,defect free,1,eedebdc5ea4766c70852285304.jpg,defect free,True
images/defect free/01914.jpg,defect free,4,ef2a4962aee9ccaa1208345791.jpg,defect free,True
images/defect free/01915.jpg,defect free,3,ef46115df8c3bdc41329508805.jpg,defect free,True
images/defect free/01916.jpg,defect free,4,efc98df44f82e9251304253473.jpg,defect free,True
images/defect free/01917.jpg,defect free,3,efe556a3fe014a710846201063.jpg,defect free,True
images/defect free/01918.jpg,defect free,2,eff4b64fb6327c2e0914172223.jpg,defect free,True
images/defect free/01919.jpg,defect free,0,f06ed4518717c21f1454316264.jpg,defect free,True
images/defect free/01920.jpg,defect free,4,f0891e904563c2e60825573231.jpg,defect free,True
images/defect free/01921.jpg,defect free,2,f09e294dc83b7acb1052411151.jpg,defect free,True
images/defect free/01922.jpg,defect free,4,f0fd73c5df4c46690810561226.jpg,defect free,True
images/defect free/01923.jpg,defect free,3,f12b92779fbba50a0945042021.jpg,defect free,True
images/defect free/01924.jpg,defect free,2,f13110445525f0661534357772.jpg,defect free,True
images/defect free/01925.jpg,defect free,0,f15fbc874e7ca31d0805502516.jpg,defect free,True
images/defect free/01926.jpg,defect free,1,f174d8a949b461541249172736.jpg,defect free,True
images/defect free/01927.jpg,defect free,3,f1adf1fdaab17ea60941583422.jpg,defect free,True
images/defect free/01928.jpg,defect free,1,f1dd837f08f0e2a91011403421.jpg,defect free,True
images/defect free/01929.jpg,defect free,1,f1fbe80b0fa2ac761310031703.jpg,defect free,True
images/defect free/01930.jpg,defect free,0,f20208cfb7eb9f141443015214.jpg,defect free,True
images/defect free/01931.jpg,defect free,1,f2302d0bcfb8285d0900446534.jpg,defect free,True
images/defect free/01932.jpg,defect free,2,f25997cd2e46882a0915330696.jpg,defect free,True
images/defect free/01933.jpg,defect free,2,f2a97ac02ebd99541344053556.jpg,defect free,True
images/defect free/01934.jpg,defect free,2,f2c6656d394ef3241534158402.jpg,defect free,True
images/defect free/01935.jpg,defect free,0,f2e63892133a56531343191455.jpg,defect free,True
images/defect free/01936.jpg,defect free,4,f30111be0965944f1009313844.jpg,defect free,True
images/defect free/01937.jpg,defect free,2,f34fff1a80ed3d2d1535102541.jpg,defect free,True
images/defect free/01938.jpg,defect free,2,f3835c4475fae7560934061935.jpg,defect free,True
images/defect free/01939.jpg,defect free,2,f3a5bb1ecc5abca80943338215.jpg,defect free,True
images/defect free/01940.jpg,defect free,2,f3e74a60b62d2f470830172955.jpg,defect free,True
images/defect free/01941.jpg,defect free,3,f43f31ebb3c06ca70938249843.jpg,defect free,True
images/defect free/01942.jpg,defect free,3,f45297a476e678741241247191.jpg,defect free,True
images/defect free/01943.jpg,defect free,0,f474fbeab805d7281335393842.jpg,defect free,True
images/defect free/01944.jpg,defect free,3,f4e85e41afa4fdfa0908424771.jpg,defect free,True
images/defect free/01945.jpg,defect free,3,f588ec0b038f648c1340428465.jpg,defect free,True
images/defect free/01946.jpg,defect free,0,f5b7d0ca2373cf981334081321.jpg,defect free,True
images/defect free/01947.jpg,defect free,4,f60269c3acd718da0832220086.jpg,defect free,True
images/defect free/01948.jpg,defect free,1,f636c8ee169f222a0906293882.jpg,defect free,True
images/defect free/01949.jpg,defect free,1,f65fda5a1a647b7f0830085376.jpg,defect free,True
images/defect free/01950.jpg,defect free,3,f66eba7fa68008710953077721.jpg,defect free,True
images/defect free/01951.jpg,defect free,3,f6ea2a25e102d9540924344554.jpg,defect free,True
images/defect free/01952.jpg,defect free,2,f6fdf8c0b62d14a60840226194.jpg,defect free,True
images/defect free/01953.jpg,defect free,2,f705f69e0de4e9690943371193.jpg,defect free,True
images/defect free/01954.jpg,defect free,0,f7238e9267f13e481313289272.jpg,defect free,True
images/defect free/01955.jpg,defect free,4,f735e1f3992a15010920594374.jpg,defect free,True
images/defect free/01956.jpg,defect free,4,f739036855457ef30913594596.jpg,defect free,True
images/defect free/01957.jpg,defect free,0,f79713a710fa5a971547397362.jpg,defect free,True
images/defect free/01958.jpg,defect free,0,f7a56ce1578625930814254976.jpg,defect free,True
images/defect free/01959.jpg,defect free,3,f7ba3bc7306c418f0804103786.jpg,defect free,True
images/defect free/01960.jpg,defect free,3,f7f4fb04884518a01023239256.jpg,defect free,True
images/defect free/01961.jpg,defect free,1,f8e8a816d46cea601342494875.jpg,defect free,True
images/defect free/01962.jpg,defect free,0,f906a59a55247ee10846285351.jpg,defect free,True
images/defect free/01963.jpg,defect free,4,f906f874d89db4c11510480153.jpg,defect free,True
images/defect free/01964.jpg,defect free,2,f926740bdf7f297d1332536712.jpg,defect free,True
images/defect free/01965.jpg,defect free,2,f95a007127b3f17d0941066283.jpg,defect free,True
images/defect free/01966.jpg,defect free,4,f9957742264b642d0831390542.jpg,defect free,True
images/defect free/01967.jpg,defect free,3,f997257d8e7c75691232170976.jpg,defect free,True
images/defect free/01968.jpg,defect free,3,f9b5d45f174503661020159731.jpg,defect free,True
images/defect free/01969.jpg,defect free,1,f9cba12b534ed57d1543192785.jpg,defect free,True
images/defect free/01970.jpg,defect free,2,fa4e4f9856ea339d0850455615.jpg,defect free,True
images/defect free/01971.jpg,defect free,1,fa967842e6eb12901418533132.jpg,defect free,True
images/defect free/01972.jpg,defect free,1,faa697c3a24138c31341497435.jpg,defect free,True
images/defect free/01973.jpg,defect free,1,fabb3b885049b6c81451304532.jpg,defect free,True
images/defect free/01974.jpg,defect free,0,fac0db180e47b50a0913593783.jpg,defect free,True
images/defect free/01975.jpg,defect free,0,faec6905be60d8771203183422.jpg,defect free,True
images/defect free/01976.jpg,defect free,2,fafd20e02e1e1d5a0935124363.jpg,defect free,True
images/defect free/01977.jpg,defect free,0,fb1a149f3e100eda1345283944.jpg,defect free,True
images/defect free/01978.jpg,defect free,2,fb2d5fc122530d5f0903187361.jpg,defect free,True
images/defect free/01979.jpg,defect free,4,fb3f9bcaaab78bd00839263404.jpg,defect free,True
images/defect free/01980.jpg,defect free,2,fb8965ce24ba26cc0830060011.jpg,defect free,True
images/defect free/01981.jpg,defect free,1,fb93534b292ec14b1207419932.jpg,defect free,True
images/defect free/01982.jpg,defect free,1,fba24cf296aebaff1234000266.jpg,defect free,True
images/defect free/01983.jpg,defect free,2,fbc2536e9bdab98c1457032473.jpg,defect free,True
images/defect free/01984.jpg,defect free,1,fbc45d68c73e30ba1635434443.jpg,defect free,True
images/defect free/01985.jpg,defect free,2,fbce5cb533e6b3c31616384945.jpg,defect free,True
images/defect free/01986.jpg,defect free,4,fbe1aa9b1c79eea30853371812.jpg,defect free,True
images/defect free/01987.jpg,defect free,3,fbf05761b7a1f9e60818283105.jpg,defect free,True
images/defect free/01988.jpg,defect free,3,fc0e73745c4c668d0951330745.jpg,defect free,True
images/defect free/01989.jpg,defect free,0,fc43f451cfd3093d1553209222.jpg,defect free,True
images/defect free/01990.jpg,defect free,4,fc46a66b98ac3c8b0805237752.jpg,defect free,True
images/defect free/01991.jpg,defect free,3,fc65605fca3b41180938388792.jpg,defect free,True
images/defect free/01992.jpg,defect free,2,fc8aebb33275311b1058088054.jpg,defect free,True
images/defect free/01993.jpg,defect free,4,fcd0e40c12bb1aee1240200954.jpg,defect free,True
images/defect free/01994.jpg,defect free,1,fce35c3f176157341056569824.jpg,defect free,True
images/defect free/01995.jpg,defect free,0,fd264aeeaf8277a50839599714.jpg,defect free,True
images/defect free/01996.jpg,defect free,2,fd2f64394557cb950850421733.jpg,defect free,True
images/defect free/01997.jpg,defect free,2,fd3754a974b2eb901223021291.jpg,defect free,True
images/defect free/01998.jpg,defect free,3,fd519c32299551910830562831.jpg,defect free,True
images/defect free/01999.jpg,defect free,1,fd8c0c2e48d4f2201048070492.jpg,defect free,True
images/defect free/02000.jpg,defect free,2,fd8e38431495cde11455455054.jpg,defect free,True
images/defect free/02001.jpg,defect free,4,fdf6363a666ce70d0828442084.jpg,defect free,True
images/defect free/02002.jpg,defect free,1,fe16db074c82b86f1603546052.jpg,defect free,True
images/defect free/02003.jpg,defect free,1,fe446e61bb248d470832412573.jpg,defect free,True
images/defect free/02004.jpg,defect free,0,fe99c29a2dea1fe80910191992.jpg,defect free,True
images/defect free/02005.jpg,defect free,0,fe9be5278d4b3d4b1312049486.jpg,defect free,True
images/defect free/02006.jpg,defect free,4,fea46fb9d114835e1237313634.jpg,defect free,True
images/defect free/02007.jpg,defect free,3,fec218623a2e7d701237445745.jpg,defect free,True
images/defect free/02008.jpg,defect free,3,fed422784b062f780920045733.jpg,defect free,True
images/defect free/02009.jpg,defect free,2,fedac01e901a83730947299703.jpg,defect free,True
images/defect free/02010.jpg,defect free,2,ff3981f0928fcdca0815072066.jpg,defect free,True
images/defect free/02011.jpg,defect free,0,ff501357c914017d0954083134.jpg,defect free,True
images/defect free/02012.jpg,defect free,0,ff81598cad4c33d80914093682.jpg,defect free,True
images/defect free/02013.jpg,defect free,3,ff8859f935a6061b0830563102.jpg,defect free,True
images/defect free/02014.jpg,defect free,2,ff8a4978c3fb81aa0828353922.jpg,defect free,True
images/defect free/02015.jpg,defect free,2,ffd3e9a36956b53a0831030452.jpg,defect free,True
images/defect free/02016.jpg,defect free,3,ffe6d7879752f5a81056365526.jpg,defect free,True
images/defect free/02017.jpg,defect free,1,ffef64f34a24d1580947110371.jpg,defect free,True
images/hole/02018.jpg,hole,4,1.jpg,hole,True
images/hole/02019.jpg,hole,4,10.jpg,hole,True
images/hole/02020.jpg,hole,2,11.jpg,Vertical,False
images/hole/02021.jpg,hole,1,12.jpg,hole,True
images/hole/02022.jpg,hole,0,13.jpg,hole,True
images/hole/02023.jpg,hole,0,14.jpg,hole,True
images/hole/02024.jpg,hole,4,15.jpg,hole,True
images/hole/02025.jpg,hole,4,16.jpg,hole,True
images/hole/02026.jpg,hole,0,17.jpg,hole,True
images/hole/02027.jpg,hole,0,18.jpg,Vertical,False
images/hole/02028.jpg,hole,1,19.jpg,hole,True
images/hole/02029.jpg,hole,4,2.jpg,hole,True
images/hole/02030.jpg,hole,3,20.jpg,hole,True
images/hole/02031.jpg,hole,2,20180531_134722.jpg,hole,True
images/hole/02032.jpg,hole,2,20180531_134730.jpg,hole,True
images/hole/02033.jpg,hole,3,20180531_135018.jpg,hole,True
images/hole/02034.jpg,hole,1,20180531_135032(1).jpg,hole,True
images/hole/02035.jpg,hole,0,20180531_135038.jpg,hole,True
images/hole/02036.jpg,hole,1,20180531_135110.jpg,hole,True
images/hole/02037.jpg,hole,0,20180531_135111.jpg,hole,True
images/hole/02038.jpg,hole,2,20180531_135129(1).jpg,hole,True
images/hole/02039.jpg,hole,0,20180531_135705.jpg,hole,True
images/hole/02040.jpg,hole,3,20180531_135709.jpg,hole,True
images/hole/02041.jpg,hole,1,20180531_135742.jpg,hole,True
images/hole/02042.jpg,hole,3,20180531_135806.jpg,hole,True
images/hole/02043.jpg,hole,0,20180531_141608.jpg,hole,True
images/hole/02044.jpg,hole,1,20180531_141626.jpg,hole,True
images/hole/02045.jpg,hole,2,20180531_141640.jpg,hole,True
images/hole/02046.jpg,hole,2,21.jpg,hole,True
images/hole/02047.jpg,hole,1,22.jpg,hole,True
images/hole/02048.jpg,hole,0,23.jpg,hole,True
images/hole/02049.jpg,hole,0,24.jpg,hole,True
images/hole/02050.jpg,hole,3,25.jpg,hole,True
images/hole/02051.jpg,hole,0,26.jpg,hole,True
images/hole/02052.jpg,hole,3,27.jpg,hole,True
images/hole/02053.jpg,hole,1,28.jpg,hole,True
images/hole/02054.jpg,hole,3,29.jpg,hole,True
images/hole/02055.jpg,hole,1,3.jpg,hole,True
images/hole/02056.jpg,hole,3,30.jpg,hole,True
images/hole/02057.jpg,hole,1,31.jpg,hole,True
images/hole/02058.jpg,hole,4,32.jpg,hole,True
images/hole/02059.jpg,hole,1,33.jpg,hole,True
images/hole/02060.jpg,hole,0,34.jpg,hole,True
images/hole/02061.jpg,hole,4,35.jpg,hole,True
images/hole/02062.jpg,hole,1,36.jpg,hole,True
images/hole/02063.jpg,hole,3,37.jpg,hole,True
images/hole/02064.jpg,hole,1,38.jpg,hole,True
images/hole/02065.jpg,hole,4,39.jpg,hole,True
images/hole/02066.jpg,hole,2,4.jpg,hole,True
images/hole/02067.jpg,hole,3,40.jpg,hole,True
images/hole/02068.jpg,hole,0,41.jpg,hole,True
images/hole/02069.jpg,hole,3,42.jpg,hole,True
images/hole/02070.jpg,hole,2,43.jpg,hole,True
images/hole/02071.jpg,hole,1,44.jpg,hole,True
images/hole/02072.jpg,hole,2,45.jpg,hole,True
images/hole/02073.jpg,hole,1,46.jpg,hole,True
images/hole/02074.jpg,hole,3,5.jpg,hole,True
images/hole/02075.jpg,hole,2,6.jpg,hole,True
images/hole/02076.jpg,hole,1,7.jpg,hole,True
images/hole/02077.jpg,hole,3,8.jpg,hole,True
images/hole/02078.jpg,hole,1,9.jpg,hole,True
images/hole/02079.jpg,hole,0,hole_2018-10-11 12_59_30.056485.jpg,hole,True
images/hole/02080.jpg,hole,0,hole_2018-10-11 13_00_10.730645.jpg,hole,True
images/hole/02081.jpg,hole,0,hole_2018-10-11 13_00_42.121788.jpg,hole,True
images/hole/02082.jpg,hole,4,hole_2018-10-11 13_02_35.105904.jpg,hole,True
images/hole/02083.jpg,hole,0,hole_2018-10-11 13_04_48.080166.jpg,lines,False
images/hole/02084.jpg,hole,3,hole_2018-10-11 13_05_41.259441.jpg,hole,True
images/hole/02085.jpg,hole,4,hole_2018-10-11 13_06_28.336497.jpg,hole,True
images/hole/02086.jpg,hole,4,hole_2018-10-11 13_07_10.156329.jpg,hole,True
images/hole/02087.jpg,hole,0,hole_2018-10-11 13_07_50.381094.jpg,hole,True
images/hole/02088.jpg,hole,0,hole_2018-10-11 13_08_30.676740.jpg,hole,True
images/hole/02089.jpg,hole,4,hole_2018-10-11 13_09_04.072143.jpg,hole,True
images/hole/02090.jpg,hole,4,hole_2018-10-11 13_10_26.056443.jpg,hole,True
images/hole/02091.jpg,hole,2,hole_2018-10-11 13_11_15.676236.jpg,hole,True
images/hole/02092.jpg,hole,4,hole_2018-10-11 13_11_59.813602.jpg,lines,False
images/hole/02093.jpg,hole,0,hole_2018-10-11 13_12_41.980730.jpg,lines,False
images/hole/02094.jpg,hole,1,hole_2018-10-11 13_13_27.731600.jpg,hole,True
images/hole/02095.jpg,hole,1,hole_2018-10-11 13_14_03.982656.jpg,lines,False
images/hole/02096.jpg,hole,1,hole_2018-10-11 13_15_39.307244.jpg,lines,False
images/hole/02097.jpg,hole,4,hole_2018-10-11 13_16_12.718047.jpg,hole,True
images/hole/02098.jpg,hole,2,hole_2018-10-11 13_16_52.823382.jpg,hole,True
images/hole/02099.jpg,hole,3,hole_2018-10-11 13_17_30.928240.jpg,hole,True
images/hole/02100.jpg,hole,0,hole_2018-10-11 13_19_19.118362.jpg,hole,True
images/hole/02101.jpg,hole,3,hole_2018-10-11 13_22_24.671493.jpg,hole,True
images/hole/02102.jpg,hole,3,hole_2018-10-11 13_23_23.876161.jpg,hole,True
images/hole/02103.jpg,hole,4,hole_2018-10-11 13_24_13.451568.jpg,lines,False
images/hole/02104.jpg,hole,2,hole_2018-10-11 13_25_22.059050.jpg,hole,True
images/hole/02105.jpg,hole,0,hole_2018-10-11 13_25_54.995114.jpg,hole,True
images/hole/02106.jpg,hole,3,hole_2018-10-11 13_26_37.145911.jpg,hole,True
images/hole/02107.jpg,hole,4,hole_2018-10-11 13_27_47.473431.jpg,hole,True
images/hole/02108.jpg,hole,2,hole_2018-10-11 13_29_04.477242.jpg,hole,True
images/hole/02109.jpg,hole,1,hole_2018-10-11 13_29_59.046997.jpg,hole,True
images/hole/02110.jpg,hole,3,hole_2018-10-11 13_31_19.754850.jpg,hole,True
images/hole/02111.jpg,hole,4,hole_2018-10-11 13_34_55.778116.jpg,hole,True
images/hole/02112.jpg,hole,3,hole_2018-10-11 13_36_18.532705.jpg,lines,False
images/hole/02113.jpg,hole,2,hole_2018-10-11 13_37_21.538398.jpg,hole,True
images/hole/02114.jpg,hole,0,hole_2018-10-11 13_38_02.614172.jpg,hole,True
images/hole/02115.jpg,hole,4,hole_2018-10-11 13_38_50.453176.jpg,hole,True
images/hole/02116.jpg,hole,2,hole_2018-10-11 13_39_55.527452.jpg,hole,True
images/hole/02117.jpg,hole,3,hole_2018-10-11 13_41_12.121443.jpg,hole,True
images/hole/02118.jpg,hole,4,hole_2018-10-11 13_42_09.246088.jpg,hole,True
images/hole/02119.jpg,hole,0,hole_2018-10-11 13_42_53.345032.jpg,hole,True
images/hole/02120.jpg,hole,3,hole_2018-10-11 13_44_23.682320.jpg,hole,True
images/hole/02121.jpg,hole,0,hole_2018-10-11 13_45_00.016723.jpg,hole,True
images/hole/02122.jpg,hole,3,hole_2018-10-11 13_45_38.645199.jpg,hole,True
images/hole/02123.jpg,hole,3,hole_2018-10-11 13_46_12.139167.jpg,hole,True
images/hole/02124.jpg,hole,2,hole_2018-10-11 13_47_44.290326.jpg,hole,True
images/hole/02125.jpg,hole,2,hole_2018-10-11 13_49_24.726254.jpg,hole,True
images/hole/02126.jpg,hole,4,hole_2018-10-11 13_49_58.883177.jpg,hole,True
images/hole/02127.jpg,hole,4,hole_2018-10-11 13_51_17.447615.jpg,hole,True
images/hole/02128.jpg,hole,2,hole_2018-10-11 13_53_44.908217.jpg,hole,True
images/hole/02129.jpg,hole,4,hole_2018-10-11 13_54_52.155940.jpg,hole,True
images/hole/02130.jpg,hole,0,hole_2018-10-11 13_56_13.682297.jpg,hole,True
images/hole/02131.jpg,hole,4,hole_2018-10-11 13_56_54.766983.jpg,hole,True
images/hole/02132.jpg,hole,4,hole_2018-10-11 13_57_26.610945.jpg,hole,True
images/hole/02133.jpg,hole,1,hole_2018-10-11 13_58_04.423087.jpg,hole,True
images/hole/02134.jpg,hole,4,hole_2018-10-11 13_59_17.317728.jpg,hole,True
images/hole/02135.jpg,hole,2,hole_2018-10-11 14_00_07.023408.jpg,hole,True
images/hole/02136.jpg,hole,2,hole_2018-10-11 14_03_20.632162.jpg,hole,True
images/hole/02137.jpg,hole,2,hole_2018-10-11 14_04_10.054152.jpg,hole,True
images/hole/02138.jpg,hole,2,hole_2018-10-11 14_05_08.635736.jpg,hole,True
images/hole/02139.jpg,hole,4,hole_2018-10-11 14_09_42.065508.jpg,hole,True
images/hole/02140.jpg,hole,2,hole_2018-10-11 14_10_30.902487.jpg,hole,True
images/hole/02141.jpg,hole,3,hole_2018-10-11 14_12_12.817055.jpg,hole,True
images/hole/02142.jpg,hole,2,hole_2018-10-11 14_12_56.878692.jpg,hole,True
images/hole/02143.jpg,hole,3,hole_2018-10-11 14_14_44.917455.jpg,hole,True
images/hole/02144.jpg,hole,3,hole_2018-10-11 14_15_19.883078.jpg,hole,True
images/hole/02145.jpg,hole,2,hole_2018-10-11 14_16_22.179386.jpg,hole,True
images/hole/02146.jpg,hole,1,hole_2018-10-11 14_19_30.093112.jpg,hole,True
images/hole/02147.jpg,hole,1,hole_2018-10-11 14_20_13.557933.jpg,hole,True
images/hole/02148.jpg,hole,1,hole_2018-10-11 14_21_03.016893.jpg,hole,True
images/hole/02149.jpg,hole,0,line_2018-10-10 09_39_19.705109.jpg,lines,False
images/hole/02150.jpg,hole,1,line_2018-10-11 12_38_10.814979.jpg,lines,False
images/hole/02151.jpg,hole,1,line_2018-10-11 12_38_59.079794.jpg,hole,True
images/hole/02152.jpg,hole,3,line_2018-10-11 12_39_52.246635.jpg,hole,True
images/hole/02153.jpg,hole,2,line_2018-10-11 12_40_36.005306.jpg,hole,True
images/hole/02154.jpg,hole,2,line_2018-10-11 12_41_17.761774.jpg,hole,True
images/hole/02155.jpg,hole,3,line_2018-10-11 12_42_20.761204.jpg,hole,True
images/hole/02156.jpg,hole,1,line_2018-10-11 12_43_04.986904.jpg,hole,True
images/hole/02157.jpg,hole,4,line_2018-10-11 12_43_50.021650.jpg,hole,True
images/hole/02158.jpg,hole,0,line_2018-10-11 12_44_47.507978.jpg,hole,True
images/horizontal/02159.jpg,horizontal,1,1.jpg,hole,False
images/horizontal/02160.jpg,horizontal,0,10.jpg,horizontal,True
images/horizontal/02161.jpg,horizontal,4,11.jpg,horizontal,True
images/horizontal/02162.jpg,horizontal,4,12.jpg,horizontal,True
images/horizontal/02163.jpg,horizontal,4,13.jpg,horizontal,True
images/horizontal/02164.jpg,horizontal,0,14.jpg,horizontal,True
images/horizontal/02165.jpg,horizontal,0,15.jpg,horizontal,True
images/horizontal/02166.jpg,horizontal,0,16.jpg,horizontal,True
images/horizontal/02167.jpg,horizontal,4,17.jpg,horizontal,True
images/horizontal/02168.jpg,horizontal,1,18.jpg,horizontal,True
images/horizontal/02169.jpg,horizontal,2,19.jpg,Vertical,False
images/horizontal/02170.jpg,horizontal,2,2.jpg,horizontal,True
images/horizontal/02171.jpg,horizontal,3,20.jpg,horizontal,True
images/horizontal/02172.jpg,horizontal,2,21.jpg,Vertical,False
images/horizontal/02173.jpg,horizontal,2,22.jpg,horizontal,True
images/horizontal/02174.jpg,horizontal,1,23.jpg,hole,False
images/horizontal/02175.jpg,horizontal,3,24.jpg,horizontal,True
images/horizontal/02176.jpg,horizontal,3,25.jpg,Vertical,False
images/horizontal/02177.jpg,horizontal,4,26.jpg,horizontal,True
images/horizontal/02178.jpg,horizontal,1,27.jpg,hole,False
images/horizontal/02179.jpg,horizontal,2,28.jpg,Vertical,False
images/horizontal/02180.jpg,horizontal,4,29.jpg,horizontal,True
images/horizontal/02181.jpg,horizontal,3,3.jpg,horizontal,True
images/horizontal/02182.jpg,horizontal,2,30.jpg,horizontal,True
images/horizontal/02183.jpg,horizontal,1,31.jpg,horizontal,True
images/horizontal/02184.jpg,horizontal,1,32.jpg,horizontal,True
images/horizontal/02185.jpg,horizontal,3,33.jpg,horizontal,True
images/horizontal/02186.jpg,horizontal,1,34.jpg,horizontal,True
images/horizontal/02187.jpg,horizontal,0,4.jpg,horizontal,True
images/horizontal/02188.jpg,horizontal,4,5.jpg,horizontal,True
images/horizontal/02189.jpg,horizontal,0,6.jpg,horizontal,True
images/horizontal/02190.jpg,horizontal,3,7.jpg,horizontal,True
images/horizontal/02191.jpg,horizontal,0,8.jpg,horizontal,True
images/horizontal/02192.jpg,horizontal,2,9.jpg,horizontal,True
images/lines/02193.jpg,lines,4,20180531_140300(1).jpg,lines,True
images/lines/02194.jpg,lines,2,20180531_140329.jpg,lines,True
images/lines/02195.jpg,lines,2,20180531_140759.jpg,Vertical,False
images/lines/02196.jpg,lines,2,20180531_140818.jpg,lines,True
images/lines/02197.jpg,lines,4,line_2018-09-19 15_19_10.492631.jpg,lines,True
images/lines/02198.jpg,lines,2,line_2018-09-19 15_21_00.956529.jpg,hole,False
images/lines/02199.jpg,lines,1,line_2018-10-10 09_37_25.363732.jpg,lines,True
images/lines/02200.jpg,lines,3,line_2018-10-10 09_38_32.561990.jpg,lines,True
images/lines/02201.jpg,lines,0,line_2018-10-10 09_40_28.709467.jpg,lines,True
images/lines/02202.jpg,lines,3,line_2018-10-10 09_41_10.085189.jpg,lines,True
images/lines/02203.jpg,lines,0,line_2018-10-10 09_41_49.738887.jpg,lines,True
images/lines/02204.jpg,lines,0,line_2018-10-10 09_48_34.534930.jpg,lines,True
images/lines/02205.jpg,lines,4,line_2018-10-10 09_49_24.116093.jpg,hole,False
images/lines/02206.jpg,lines,3,line_2018-10-10 09_50_46.848394.jpg,hole,False
images/lines/02207.jpg,lines,3,line_2018-10-10 09_56_25.278576.jpg,lines,True
images/lines/02208.jpg,lines,1,line_2018-10-10 09_58_58.620719.jpg,lines,True
images/lines/02209.jpg,lines,4,line_2018-10-10 10_01_12.675905.jpg,lines,True
images/lines/02210.jpg,lines,0,line_2018-10-10 10_02_22.188528.jpg,lines,True
images/lines/02211.jpg,lines,3,line_2018-10-10 10_03_31.075352.jpg,horizontal,False
images/lines/02212.jpg,lines,1,line_2018-10-10 10_05_44.703532.jpg,lines,True
images/lines/02213.jpg,lines,0,line_2018-10-10 10_11_20.790603.jpg,lines,True
images/lines/02214.jpg,lines,0,line_2018-10-10 10_19_23.278896.jpg,lines,True
images/lines/02215.jpg,lines,3,line_2018-10-10 10_19_55.857697.jpg,lines,True
images/lines/02216.jpg,lines,4,line_2018-10-10 10_20_32.742444.jpg,lines,True
images/lines/02217.jpg,lines,4,line_2018-10-10 10_21_09.306287.jpg,lines,True
images/lines/02218.jpg,lines,1,line_2018-10-10 10_21_43.370208.jpg,lines,True
images/lines/02219.jpg,lines,0,line_2018-10-10 10_22_19.095776.jpg,lines,True
images/lines/02220.jpg,lines,0,line_2018-10-10 10_22_55.514025.jpg,lines,True
images/lines/02221.jpg,lines,4,line_2018-10-10 10_24_17.404889.jpg,lines,True
images/lines/02222.jpg,lines,1,line_2018-10-10 10_24_49.817575.jpg,hole,False
images/lines/02223.jpg,lines,3,line_2018-10-10 10_25_49.630467.jpg,lines,True
images/lines/02224.jpg,lines,2,line_2018-10-10 10_28_02.010387.jpg,lines,True
images/lines/02225.jpg,lines,1,line_2018-10-10 10_28_42.608859.jpg,lines,True
images/lines/02226.jpg,lines,1,line_2018-10-10 10_29_15.844999(1).jpg,lines,True
images/lines/02227.jpg,lines,4,line_2018-10-10 10_29_47.995625(1).jpg,lines,True
images/lines/02228.jpg,lines,1,line_2018-10-10 10_30_25.985902(1).jpg,lines,True
images/lines/02229.jpg,lines,0,line_2018-10-10 10_31_31.252520(1).jpg,lines,True
images/lines/02230.jpg,lines,4,line_2018-10-10 10_32_03.800497(1).jpg,lines,True
images/lines/02231.jpg,lines,0,line_2018-10-10 10_32_34.752393(1).jpg,lines,True
images/lines/02232.jpg,lines,4,line_2018-10-10 10_33_11.583120(1).jpg,lines,True
images/lines/02233.jpg,lines,3,line_2018-10-10 10_33_56.678673(1).jpg,lines,True
images/lines/02234.jpg,lines,1,line_2018-10-10 10_34_27.455159(1).jpg,lines,True
images/lines/02235.jpg,lines,0,line_2018-10-10 10_35_31.116461(1).jpg,lines,True
images/lines/02236.jpg,lines,2,line_2018-10-10 10_36_17.059749.jpg,lines,True
images/lines/02237.jpg,lines,1,line_2018-10-10 10_36_50.672087.jpg,lines,True
images/lines/02238.jpg,lines,2,line_2018-10-10 10_37_38.107566.jpg,lines,True
images/lines/02239.jpg,lines,3,line_2018-10-10 10_39_37.269838.jpg,lines,True
images/lines/02240.jpg,lines,1,line_2018-10-10 10_41_01.292096.jpg,lines,True
images/lines/02241.jpg,lines,0,line_2018-10-10 10_42_42.485086.jpg,lines,True
images/lines/02242.jpg,lines,0,line_2018-10-10 10_43_34.004034.jpg,lines,True
images/lines/02243.jpg,lines,1,line_2018-10-10 10_44_19.105779.jpg,lines,True
images/lines/02244.jpg,lines,4,line_2018-10-10 10_44_57.141603.jpg,lines,True
images/lines/02245.jpg,lines,2,line_2018-10-10 10_46_04.949712.jpg,lines,True
images/lines/02246.jpg,lines,2,line_2018-10-10 10_47_04.543499.jpg,lines,True
images/lines/02247.jpg,lines,0,line_2018-10-10 10_47_44.866193.jpg,lines,True
images/lines/02248.jpg,lines,2,line_2018-10-10 10_48_19.548676.jpg,lines,True
images/lines/02249.jpg,lines,3,line_2018-10-10 10_48_53.134328.jpg,lines,True
images/lines/02250.jpg,lines,2,line_2018-10-10 10_49_24.348542.jpg,lines,True
images/lines/02251.jpg,lines,0,line_2018-10-10 10_49_58.731187.jpg,lines,True
images/lines/02252.jpg,lines,0,line_2018-10-10 10_50_29.997929.jpg,lines,True
images/lines/02253.jpg,lines,0,line_2018-10-10 10_51_02.127462.jpg,lines,True
images/lines/02254.jpg,lines,2,line_2018-10-10 10_51_33.704789.jpg,lines,True
images/lines/02255.jpg,lines,1,line_2018-10-10 10_52_48.187857.jpg,lines,True
images/lines/02256.jpg,lines,4,line_2018-10-10 10_53_39.007376.jpg,lines,True
images/lines/02257.jpg,lines,2,line_2018-10-10 11_02_01.266587.jpg,hole,False
images/lines/02258.jpg,lines,1,line_2018-10-10 11_02_32.854768.jpg,lines,True
images/lines/02259.jpg,lines,1,line_2018-10-10 11_03_08.255934.jpg,lines,True
images/lines/02260.jpg,lines,1,line_2018-10-10 11_03_42.058118.jpg,lines,True
images/lines/02261.jpg,lines,4,line_2018-10-10 11_04_27.945403.jpg,lines,True
images/lines/02262.jpg,lines,3,line_2018-10-10 11_05_40.691097.jpg,lines,True
images/lines/02263.jpg,lines,2,line_2018-10-10 11_13_49.531314.jpg,lines,True
images/lines/02264.jpg,lines,4,line_2018-10-10 11_14_24.777900.jpg,lines,True
images/lines/02265.jpg,lines,0,line_2018-10-10 11_14_56.504430.jpg,lines,True
images/lines/02266.jpg,lines,2,line_2018-10-10 11_16_03.960483.jpg,lines,True
images/lines/02267.jpg,lines,1,line_2018-10-10 11_16_44.649188.jpg,lines,True
images/lines/02268.jpg,lines,4,line_2018-10-10 11_17_16.895198.jpg,lines,True
images/lines/02269.jpg,lines,2,line_2018-10-10 11_17_57.997806.jpg,lines,True
images/lines/02270.jpg,lines,2,line_2018-10-10 11_19_04.854536.jpg,lines,True
images/lines/02271.jpg,lines,3,line_2018-10-10 11_19_42.316567.jpg,lines,True
images/lines/02272.jpg,lines,3,line_2018-10-10 11_20_26.757441.jpg,hole,False
images/lines/02273.jpg,lines,4,line_2018-10-10 11_21_18.422831.jpg,lines,True
images/lines/02274.jpg,lines,1,line_2018-10-10 11_22_33.684299.jpg,lines,True
images/lines/02275.jpg,lines,3,line_2018-10-10 11_23_23.504021.jpg,lines,True
images/lines/02276.jpg,lines,4,line_2018-10-10 11_25_02.843887.jpg,lines,True
images/lines/02277.jpg,lines,1,line_2018-10-10 11_25_38.934816.jpg,lines,True
images/lines/02278.jpg,lines,2,line_2018-10-10 11_26_24.165565.jpg,hole,False
images/lines/02279.jpg,lines,3,line_2018-10-10 11_26_57.077130.jpg,lines,True
images/lines/02280.jpg,lines,0,line_2018-10-10 11_27_32.737113.jpg,lines,True
images/lines/02281.jpg,lines,4,line_2018-10-10 11_28_03.415124.jpg,lines,True
images/lines/02282.jpg,lines,0,line_2018-10-10 11_28_45.435211.jpg,lines,True
images/lines/02283.jpg,lines,1,line_2018-10-10 11_29_32.499997.jpg,lines,True
images/lines/02284.jpg,lines,0,line_2018-10-10 11_30_05.524376.jpg,lines,True
images/lines/02285.jpg,lines,3,line_2018-10-10 11_30_35.226490.jpg,lines,True
images/lines/02286.jpg,lines,4,line_2018-10-10 11_31_07.614478.jpg,lines,True
images/lines/02287.jpg,lines,4,line_2018-10-10 11_31_37.875841.jpg,lines,True
images/lines/02288.jpg,lines,4,line_2018-10-10 11_32_18.094130.jpg,lines,True
images/lines/02289.jpg,lines,0,line_2018-10-10 11_32_50.855424.jpg,lines,True
images/lines/02290.jpg,lines,3,line_2018-10-10 11_33_24.870545.jpg,lines,True
images/lines/02291.jpg,lines,4,line_2018-10-10 11_34_02.256223.jpg,hole,False
images/lines/02292.jpg,lines,2,line_2018-10-10 11_34_38.955603.jpg,lines,True
images/lines/02293.jpg,lines,3,line_2018-10-10 11_35_33.467090.jpg,lines,True
images/lines/02294.jpg,lines,0,line_2018-10-10 11_36_11.154255.jpg,lines,True
images/lines/02295.jpg,lines,2,line_2018-10-10 11_36_44.580062.jpg,lines,True
images/lines/02296.jpg,lines,0,line_2018-10-10 11_37_15.208721.jpg,lines,True
images/lines/02297.jpg,lines,3,line_2018-10-10 11_37_48.836837.jpg,lines,True
images/lines/02298.jpg,lines,3,line_2018-10-10 11_38_22.615969.jpg,lines,True
images/lines/02299.jpg,lines,3,line_2018-10-10 11_38_55.146448.jpg,hole,False
images/lines/02300.jpg,lines,3,line_2018-10-10 11_40_13.411250.jpg,lines,True
images/lines/02301.jpg,lines,1,line_2018-10-10 11_41_14.456214.jpg,lines,True
images/lines/02302.jpg,lines,3,line_2018-10-10 11_41_47.766418.jpg,lines,True
images/lines/02303.jpg,lines,3,line_2018-10-10 11_42_30.795720.jpg,lines,True
images/lines/02304.jpg,lines,4,line_2018-10-10 11_43_35.996543.jpg,lines,True
images/lines/02305.jpg,lines,1,line_2018-10-10 11_44_09.553073.jpg,lines,True
images/lines/02306.jpg,lines,4,line_2018-10-10 11_44_44.645529.jpg,lines,True
images/lines/02307.jpg,lines,3,line_2018-10-10 11_45_22.844795.jpg,hole,False
images/lines/02308.jpg,lines,3,line_2018-10-10 11_46_00.734633.jpg,lines,True
images/lines/02309.jpg,lines,2,line_2018-10-10 11_46_40.067762.jpg,lines,True
images/lines/02310.jpg,lines,0,line_2018-10-10 11_47_11.774737.jpg,hole,False
images/lines/02311.jpg,lines,1,line_2018-10-10 11_47_45.349139.jpg,lines,True
images/lines/02312.jpg,lines,4,line_2018-10-10 11_48_43.516815.jpg,lines,True
images/lines/02313.jpg,lines,0,line_2018-10-10 11_49_20.657025.jpg,lines,True
images/lines/02314.jpg,lines,3,line_2018-10-10 11_49_53.034414.jpg,lines,True
images/lines/02315.jpg,lines,2,line_2018-10-10 11_50_24.535278.jpg,lines,True
images/lines/02316.jpg,lines,3,line_2018-10-10 11_50_58.950836.jpg,lines,True
images/lines/02317.jpg,lines,1,line_2018-10-10 11_51_34.960855.jpg,lines,True
images/lines/02318.jpg,lines,1,line_2018-10-10 11_52_04.438901.jpg,lines,True
images/lines/02319.jpg,lines,4,line_2018-10-10 11_52_42.475468.jpg,lines,True
images/lines/02320.jpg,lines,4,line_2018-10-10 11_53_15.280382.jpg,lines,True
images/lines/02321.jpg,lines,1,line_2018-10-10 11_53_54.497121.jpg,lines,True
images/lines/02322.jpg,lines,2,line_2018-10-10 11_54_28.780745.jpg,lines,True
images/lines/02323.jpg,lines,2,line_2018-10-10 11_55_13.374661.jpg,lines,True
images/lines/02324.jpg,lines,0,line_2018-10-10 11_56_23.189532.jpg,lines,True
images/lines/02325.jpg,lines,1,line_2018-10-10 11_57_13.376014.jpg,lines,True
images/lines/02326.jpg,lines,2,line_2018-10-10 11_57_43.558575.jpg,lines,True
images/lines/02327.jpg,lines,0,line_2018-10-10 11_58_18.517349.jpg,lines,True
images/lines/02328.jpg,lines,2,line_2018-10-10 11_58_54.758485.jpg,lines,True
images/lines/02329.jpg,lines,2,line_2018-10-10 11_59_28.889241.jpg,lines,True
images/lines/02330.jpg,lines,4,line_2018-10-10 12_00_20.159915.jpg,lines,True
images/lines/02331.jpg,lines,0,line_2018-10-10 12_03_44.610053.jpg,hole,False
images/lines/02332.jpg,lines,1,line_2018-10-10 12_04_14.616832.jpg,lines,True
images/lines/02333.jpg,lines,4,line_2018-10-10 12_04_47.643010.jpg,lines,True
images/lines/02334.jpg,lines,3,line_2018-10-10 12_05_29.974625.jpg,hole,False
images/lines/02335.jpg,lines,1,line_2018-10-10 12_06_10.550192.jpg,lines,True
images/lines/02336.jpg,lines,2,line_2018-10-10 12_06_43.855571.jpg,lines,True
images/lines/02337.jpg,lines,3,line_2018-10-10 12_07_14.907786.jpg,lines,True
images/lines/02338.jpg,lines,2,line_2018-10-10 12_07_51.280658.jpg,lines,True
images/stain/02339.jpg,stain,0,1.jpg,stain,True
images/stain/02340.jpg,stain,1,10.jpg,stain,True
images/stain/02341.jpg,stain,0,100.jpg,stain,True
images/stain/02342.jpg,stain,1,101.jpg,stain,True
images/stain/02343.jpg,stain,4,102.jpg,stain,True
images/stain/02344.jpg,stain,2,103.jpg,stain,True
images/stain/02345.jpg,stain,3,104.jpg,stain,True
images/stain/02346.jpg,stain,3,105.jpg,stain,True
images/stain/02347.jpg,stain,4,106.jpg,stain,True
images/stain/02348.jpg,stain,2,107.jpg,stain,True
images/stain/02349.jpg,stain,3,108.jpg,stain,True
images/stain/02350.jpg,stain,2,109.jpg,stain,True
images/stain/02351.jpg,stain,2,11.jpg,stain,True
images/stain/02352.jpg,stain,2,110.jpg,stain,True
images/stain/02353.jpg,stain,2,111.jpg,stain,True
images/stain/02354.jpg,stain,3,112.jpg,stain,True
images/stain/02355.jpg,stain,4,113.jpg,stain,True
images/stain/02356.jpg,stain,0,114.jpg,stain,True
images/stain/02357.jpg,stain,3,115.jpg,stain,True
images/stain/02358.jpg,stain,1,116.jpg,stain,True
images/stain/02359.jpg,stain,0,117.jpg,stain,True
images/stain/02360.jpg,stain,2,118.jpg,stain,True
images/stain/02361.jpg,stain,1,119.jpg,stain,True
images/stain/02362.jpg,stain,0,12.jpg,stain,True
images/stain/02363.jpg,stain,3,120.jpg,stain,True
images/stain/02364.jpg,stain,1,121.jpg,stain,True
images/stain/02365.jpg,stain,2,122.jpg,stain,True
images/stain/02366.jpg,stain,0,123.jpg,stain,True
images/stain/02367.jpg,stain,0,124.jpg,stain,True
images/stain/02368.jpg,stain,4,125.jpg,stain,True
images/stain/02369.jpg,stain,2,126.jpg,stain,True
images/stain/02370.jpg,stain,4,127.jpg,stain,True
images/stain/02371.jpg,stain,4,128.jpg,stain,True
images/stain/02372.jpg,stain,4,129.jpg,stain,True
images/stain/02373.jpg,stain,2,13.jpg,stain,True
images/stain/02374.jpg,stain,0,130.jpg,stain,True
images/stain/02375.jpg,stain,4,131.jpg,stain,True
images/stain/02376.jpg,stain,2,132.jpg,stain,True
images/stain/02377.jpg,stain,4,133.jpg,stain,True
images/stain/02378.jpg,stain,3,134.jpg,stain,True
images/stain/02379.jpg,stain,1,135.jpg,stain,True
images/stain/02380.jpg,stain,3,136.jpg,stain,True
images/stain/02381.jpg,stain,0,137.jpg,stain,True
images/stain/02382.jpg,stain,1,138.jpg,stain,True
images/stain/02383.jpg,stain,2,139.jpg,stain,True
images/stain/02384.jpg,stain,3,14.jpg,stain,True
images/stain/02385.jpg,stain,2,140.jpg,stain,True
images/stain/02386.jpg,stain,1,141.jpg,stain,True
images/stain/02387.jpg,stain,0,142.jpg,stain,True
images/stain/02388.jpg,stain,4,143.jpg,stain,True
images/stain/02389.jpg,stain,2,144.jpg,stain,True
images/stain/02390.jpg,stain,1,145.jpg,stain,True
images/stain/02391.jpg,stain,2,146.jpg,defect free,False
images/stain/02392.jpg,stain,2,147.jpg,stain,True
images/stain/02393.jpg,stain,1,148.jpg,stain,True
images/stain/02394.jpg,stain,3,149.jpg,stain,True
images/stain/02395.jpg,stain,2,15.jpg,stain,True
images/stain/02396.jpg,stain,4,150.jpg,stain,True
images/stain/02397.jpg,stain,3,151.jpg,stain,True
images/stain/02398.jpg,stain,4,152.jpg,stain,True
images/stain/02399.jpg,stain,0,153.jpg,stain,True
images/stain/02400.jpg,stain,0,154.jpg,stain,True
images/stain/02401.jpg,stain,2,155.jpg,stain,True
images/stain/02402.jpg,stain,0,156.jpg,stain,True
images/stain/02403.jpg,stain,3,157.jpg,stain,True
images/stain/02404.jpg,stain,4,158.jpg,stain,True
images/stain/02405.jpg,stain,2,159.jpg,stain,True
images/stain/02406.jpg,stain,1,16.jpg,stain,True
images/stain/02407.jpg,stain,4,160.jpg,stain,True
images/stain/02408.jpg,stain,1,161.jpg,stain,True
images/stain/02409.jpg,stain,0,162.jpg,stain,True
images/stain/02410.jpg,stain,3,163.jpg,stain,True
images/stain/02411.jpg,stain,4,164.jpg,stain,True
images/stain/02412.jpg,stain,0,165.jpg,stain,True
images/stain/02413.jpg,stain,4,166.jpg,stain,True
images/stain/02414.jpg,stain,3,167.jpg,stain,True
images/stain/02415.jpg,stain,2,168.jpg,stain,True
images/stain/02416.jpg,stain,0,169.jpg,stain,True
images/stain/02417.jpg,stain,1,17.jpg,stain,True
images/stain/02418.jpg,stain,2,170.jpg,stain,True
images/stain/02419.jpg,stain,0,171.jpg,stain,True
images/stain/02420.jpg,stain,4,172.jpg,stain,True
images/stain/02421.jpg,stain,0,173.jpg,stain,True
images/stain/02422.jpg,stain,4,174.jpg,stain,True
images/stain/02423.jpg,stain,1,175.jpg,stain,True
images/stain/02424.jpg,stain,2,176.jpg,stain,True
images/stain/02425.jpg,stain,4,177.jpg,stain,True
images/stain/02426.jpg,stain,1,178.jpg,stain,True
images/stain/02427.jpg,stain,4,179.jpg,stain,True
images/stain/02428.jpg,stain,0,18.jpg,stain,True
images/stain/02429.jpg,stain,3,180.jpg,stain,True
images/stain/02430.jpg,stain,1,181.jpg,stain,True
images/stain/02431.jpg,stain,2,182.jpg,stain,True
images/stain/02432.jpg,stain,0,183.jpg,stain,True
images/stain/02433.jpg,stain,0,184.jpg,stain,True
images/stain/02434.jpg,stain,0,185.jpg,stain,True
images/stain/02435.jpg,stain,2,186.jpg,stain,True
images/stain/02436.jpg,stain,4,187.jpg,stain,True
images/stain/02437.jpg,stain,4,188.jpg,stain,True
images/stain/02438.jpg,stain,2,189.jpg,stain,True
images/stain/02439.jpg,stain,0,19.jpg,stain,True
images/stain/02440.jpg,stain,1,190.jpg,stain,True
images/stain/02441.jpg,stain,3,191.jpg,stain,True
images/stain/02442.jpg,stain,0,192.jpg,stain,True
images/stain/02443.jpg,stain,3,193.jpg,stain,True
images/stain/02444.jpg,stain,0,194.jpg,stain,True
images/stain/02445.jpg,stain,4,195.jpg,stain,True
images/stain/02446.jpg,stain,3,196.jpg,stain,True
images/stain/02447.jpg,stain,0,197.jpg,stain,True
images/stain/02448.jpg,stain,0,198.jpg,stain,True
images/stain/02449.jpg,stain,2,199.jpg,stain,True
images/stain/02450.jpg,stain,1,2.jpg,stain,True
images/stain/02451.jpg,stain,2,20.jpg,stain,True
images/stain/02452.jpg,stain,0,200.jpg,stain,True
images/stain/02453.jpg,stain,2,201.jpg,stain,True
images/stain/02454.jpg,stain,0,202.jpg,stain,True
images/stain/02455.jpg,stain,1,203.jpg,stain,True
images/stain/02456.jpg,stain,1,204.jpg,stain,True
images/stain/02457.jpg,stain,2,205.jpg,stain,True
images/stain/02458.jpg,stain,0,206.jpg,stain,True
images/stain/02459.jpg,stain,0,207.jpg,stain,True
images/stain/02460.jpg,stain,4,208.jpg,stain,True
images/stain/02461.jpg,stain,3,209.jpg,stain,True
images/stain/02462.jpg,stain,1,21.jpg,stain,True
images/stain/02463.jpg,stain,2,210.jpg,stain,True
images/stain/02464.jpg,stain,2,211.jpg,stain,True
images/stain/02465.jpg,stain,4,212.jpg,stain,True
images/stain/02466.jpg,stain,2,213.jpg,stain,True
images/stain/02467.jpg,stain,3,214.jpg,stain,True
images/stain/02468.jpg,stain,3,215.jpg,stain,True
images/stain/02469.jpg,stain,4,216.jpg,stain,True
images/stain/02470.jpg,stain,1,217.jpg,stain,True
images/stain/02471.jpg,stain,3,218.jpg,stain,True
images/stain/02472.jpg,stain,3,219.jpg,stain,True
images/stain/02473.jpg,stain,0,22.jpg,stain,True
images/stain/02474.jpg,stain,3,220.jpg,stain,True
images/stain/02475.jpg,stain,0,221.jpg,stain,True
images/stain/02476.jpg,stain,4,222.jpg,stain,True
images/stain/02477.jpg,stain,0,223.jpg,stain,True
images/stain/02478.jpg,stain,2,224.jpg,stain,True
images/stain/02479.jpg,stain,4,225.jpg,stain,True
images/stain/02480.jpg,stain,2,226.jpg,stain,True
images/stain/02481.jpg,stain,3,227.jpg,stain,True
images/stain/02482.jpg,stain,3,228.jpg,stain,True
images/stain/02483.jpg,stain,1,229.jpg,stain,True
images/stain/02484.jpg,stain,0,23.jpg,stain,True
images/stain/02485.jpg,stain,2,230.jpg,stain,True
images/stain/02486.jpg,stain,4,231.jpg,stain,True
images/stain/02487.jpg,stain,2,232.jpg,stain,True
images/stain/02488.jpg,stain,0,233.jpg,stain,True
images/stain/02489.jpg,stain,4,234.jpg,stain,True
images/stain/02490.jpg,stain,2,235.jpg,stain,True
images/stain/02491.jpg,stain,0,236.jpg,stain,True
images/stain/02492.jpg,stain,3,237.jpg,stain,True
images/stain/02493.jpg,stain,0,238.jpg,stain,True
images/stain/02494.jpg,stain,3,239.jpg,stain,True
images/stain/02495.jpg,stain,4,24.jpg,stain,True
images/stain/02496.jpg,stain,0,240.jpg,stain,True
images/stain/02497.jpg,stain,1,241.jpg,stain,True
images/stain/02498.jpg,stain,4,242.jpg,stain,True
images/stain/02499.jpg,stain,2,243.jpg,stain,True
images/stain/02500.jpg,stain,3,244.jpg,stain,True
images/stain/02501.jpg,stain,1,245.jpg,stain,True
images/stain/02502.jpg,stain,0,246.jpg,stain,True
images/stain/02503.jpg,stain,1,247.jpg,stain,True
images/stain/02504.jpg,stain,1,248.jpg,stain,True
images/stain/02505.jpg,stain,3,249.jpg,stain,True
images/stain/02506.jpg,stain,4,25.jpg,stain,True
images/stain/02507.jpg,stain,4,250.jpg,stain,True
images/stain/02508.jpg,stain,1,251.jpg,stain,True
images/stain/02509.jpg,stain,1,252.jpg,stain,True
images/stain/02510.jpg,stain,1,253.jpg,stain,True
images/stain/02511.jpg,stain,4,254.jpg,stain,True
images/stain/02512.jpg,stain,3,255.jpg,stain,True
images/stain/02513.jpg,stain,0,256.jpg,stain,True
images/stain/02514.jpg,stain,4,257.jpg,stain,True
images/stain/02515.jpg,stain,1,258.jpg,stain,True
images/stain/02516.jpg,stain,0,259.jpg,stain,True
images/stain/02517.jpg,stain,4,26.jpg,stain,True
images/stain/02518.jpg,stain,3,260.jpg,stain,True
images/stain/02519.jpg,stain,4,261.jpg,stain,True
images/stain/02520.jpg,stain,1,262.jpg,stain,True
images/stain/02521.jpg,stain,1,263.jpg,stain,True
images/stain/02522.jpg,stain,1,264.jpg,stain,True
images/stain/02523.jpg,stain,1,265.jpg,stain,True
images/stain/02524.jpg,stain,3,266.jpg,stain,True
images/stain/02525.jpg,stain,1,267.jpg,stain,True
images/stain/02526.jpg,stain,0,268.jpg,stain,True
images/stain/02527.jpg,stain,4,269.jpg,stain,True
images/stain/02528.jpg,stain,0,27.jpg,stain,True
images/stain/02529.jpg,stain,3,270.jpg,stain,True
images/stain/02530.jpg,stain,4,271.jpg,stain,True
images/stain/02531.jpg,stain,1,272.jpg,stain,True
images/stain/02532.jpg,stain,2,273.jpg,stain,True
images/stain/02533.jpg,stain,4,274.jpg,stain,True
images/stain/02534.jpg,stain,2,275.jpg,stain,True
images/stain/02535.jpg,stain,0,276.jpg,stain,True
images/stain/02536.jpg,stain,3,277.jpg,stain,True
images/stain/02537.jpg,stain,1,278.jpg,stain,True
images/stain/02538.jpg,stain,1,279.jpg,stain,True
images/stain/02539.jpg,stain,2,28.jpg,stain,True
images/stain/02540.jpg,stain,1,280.jpg,stain,True
images/stain/02541.jpg,stain,4,281.jpg,stain,True
images/stain/02542.jpg,stain,1,282.jpg,stain,True
images/stain/02543.jpg,stain,4,283.jpg,stain,True
images/stain/02544.jpg,stain,3,284.jpg,stain,True
images/stain/02545.jpg,stain,1,285.jpg,stain,True
images/stain/02546.jpg,stain,3,286.jpg,stain,True
images/stain/02547.jpg,stain,3,287.jpg,stain,True
images/stain/02548.jpg,stain,2,288.jpg,stain,True
images/stain/02549.jpg,stain,1,289.jpg,stain,True
images/stain/02550.jpg,stain,2,29.jpg,stain,True
images/stain/02551.jpg,stain,1,290.jpg,stain,True
images/stain/02552.jpg,stain,3,291.jpg,stain,True
images/stain/02553.jpg,stain,4,292.jpg,stain,True
images/stain/02554.jpg,stain,4,293.jpg,stain,True
images/stain/02555.jpg,stain,2,294.jpg,stain,True
images/stain/02556.jpg,stain,0,295.jpg,stain,True
images/stain/02557.jpg,stain,2,296.jpg,stain,True
images/stain/02558.jpg,stain,3,297.jpg,stain,True
images/stain/02559.jpg,stain,3,298.jpg,stain,True
images/stain/02560.jpg,stain,2,299.jpg,stain,True
images/stain/02561.jpg,stain,2,3.jpg,stain,True
images/stain/02562.jpg,stain,3,30.jpg,stain,True
images/stain/02563.jpg,stain,0,300.jpg,stain,True
images/stain/02564.jpg,stain,2,301.jpg,stain,True
images/stain/02565.jpg,stain,3,302.jpg,stain,True
images/stain/02566.jpg,stain,1,303.jpg,stain,True
images/stain/02567.jpg,stain,1,304.jpg,stain,True
images/stain/02568.jpg,stain,3,305.jpg,stain,True
images/stain/02569.jpg,stain,1,306.jpg,stain,True
images/stain/02570.jpg,stain,4,307.jpg,stain,True
images/stain/02571.jpg,stain,2,308.jpg,stain,True
images/stain/02572.jpg,stain,2,309.jpg,stain,True
images/stain/02573.jpg,stain,2,31.jpg,stain,True
images/stain/02574.jpg,stain,2,310.jpg,stain,True
images/stain/02575.jpg,stain,0,311.jpg,stain,True
images/stain/02576.jpg,stain,3,312.jpg,stain,True
images/stain/02577.jpg,stain,2,313.jpg,stain,True
images/stain/02578.jpg,stain,0,314.jpg,stain,True
images/stain/02579.jpg,stain,3,315.jpg,stain,True
images/stain/02580.jpg,stain,4,316.jpg,stain,True
images/stain/02581.jpg,stain,3,317.jpg,stain,True
images/stain/02582.jpg,stain,0,318.jpg,stain,True
images/stain/02583.jpg,stain,3,319.jpg,stain,True
images/stain/02584.jpg,stain,0,32.jpg,stain,True
images/stain/02585.jpg,stain,4,320.jpg,stain,True
images/stain/02586.jpg,stain,0,321.jpg,stain,True
images/stain/02587.jpg,stain,0,322.jpg,stain,True
images/stain/02588.jpg,stain,4,323.jpg,stain,True
images/stain/02589.jpg,stain,4,324.jpg,stain,True
images/stain/02590.jpg,stain,1,325.jpg,stain,True
images/stain/02591.jpg,stain,2,326.jpg,stain,True
images/stain/02592.jpg,stain,1,327.jpg,stain,True
images/stain/02593.jpg,stain,1,328.jpg,stain,True
images/stain/02594.jpg,stain,0,329.jpg,stain,True
images/stain/02595.jpg,stain,2,33.jpg,stain,True
images/stain/02596.jpg,stain,1,330.jpg,stain,True
images/stain/02597.jpg,stain,1,331.jpg,stain,True
images/stain/02598.jpg,stain,3,332.jpg,stain,True
images/stain/02599.jpg,stain,0,333.jpg,stain,True
images/stain/02600.jpg,stain,4,334.jpg,stain,True
images/stain/02601.jpg,stain,3,335.jpg,stain,True
images/stain/02602.jpg,stain,2,336.jpg,stain,True
images/stain/02603.jpg,stain,2,337.jpg,stain,True
images/stain/02604.jpg,stain,2,338.jpg,stain,True
images/stain/02605.jpg,stain,4,339.jpg,stain,True
images/stain/02606.jpg,stain,4,34.jpg,stain,True
images/stain/02607.jpg,stain,1,340.jpg,stain,True
images/stain/02608.jpg,stain,0,341.jpg,stain,True
images/stain/02609.jpg,stain,0,342.jpg,stain,True
images/stain/02610.jpg,stain,2,343.jpg,stain,True
images/stain/02611.jpg,stain,4,344.jpg,stain,True
images/stain/02612.jpg,stain,3,345.jpg,stain,True
images/stain/02613.jpg,stain,3,346.jpg,defect free,False
images/stain/02614.jpg,stain,3,347.jpg,stain,True
images/stain/02615.jpg,stain,2,348.jpg,stain,True
images/stain/02616.jpg,stain,4,349.jpg,stain,True
images/stain/02617.jpg,stain,4,35.jpg,stain,True
images/stain/02618.jpg,stain,4,350.jpg,stain,True
images/stain/02619.jpg,stain,2,351.jpg,stain,True
images/stain/02620.jpg,stain,3,352.jpg,stain,True
images/stain/02621.jpg,stain,3,353.jpg,stain,True
images/stain/02622.jpg,stain,2,354.jpg,stain,True
images/stain/02623.jpg,stain,0,355.jpg,stain,True
images/stain/02624.jpg,stain,0,356.jpg,stain,True
images/stain/02625.jpg,stain,1,357.jpg,stain,True
images/stain/02626.jpg,stain,4,358.jpg,stain,True
images/stain/02627.jpg,stain,4,359.jpg,stain,True
images/stain/02628.jpg,stain,2,36.jpg,stain,True
images/stain/02629.jpg,stain,3,360.jpg,stain,True
images/stain/02630.jpg,stain,2,361.jpg,stain,True
images/stain/02631.jpg,stain,3,362.jpg,stain,True
images/stain/02632.jpg,stain,2,363.jpg,stain,True
images/stain/02633.jpg,stain,1,364.jpg,stain,True
images/stain/02634.jpg,stain,1,365.jpg,stain,True
images/stain/02635.jpg,stain,2,366.jpg,stain,True
images/stain/02636.jpg,stain,4,367.jpg,stain,True
images/stain/02637.jpg,stain,4,368.jpg,stain,True
images/stain/02638.jpg,stain,1,369.jpg,stain,True
images/stain/02639.jpg,stain,4,37.jpg,stain,True
images/stain/02640.jpg,stain,4,370.jpg,stain,True
images/stain/02641.jpg,stain,0,371.jpg,stain,True
images/stain/02642.jpg,stain,2,372.jpg,stain,True
images/stain/02643.jpg,stain,1,373.jpg,stain,True
images/stain/02644.jpg,stain,0,374.jpg,stain,True
images/stain/02645.jpg,stain,4,375.jpg,stain,True
images/stain/02646.jpg,stain,2,376.jpg,stain,True
images/stain/02647.jpg,stain,1,377.jpg,stain,True
images/stain/02648.jpg,stain,3,378.jpg,stain,True
images/stain/02649.jpg,stain,2,379.jpg,stain,True
images/stain/02650.jpg,stain,3,38.jpg,stain,True
images/stain/02651.jpg,stain,4,380.jpg,stain,True
images/stain/02652.jpg,stain,3,381.jpg,stain,True
images/stain/02653.jpg,stain,0,382.jpg,stain,True
images/stain/02654.jpg,stain,1,383.jpg,stain,True
images/stain/02655.jpg,stain,3,384.jpg,stain,True
images/stain/02656.jpg,stain,3,385.jpg,stain,True
images/stain/02657.jpg,stain,1,386.jpg,stain,True
images/stain/02658.jpg,stain,3,387.jpg,stain,True
images/stain/02659.jpg,stain,0,388.jpg,stain,True
images/stain/02660.jpg,stain,3,389.jpg,stain,True
images/stain/02661.jpg,stain,2,39.jpg,stain,True
images/stain/02662.jpg,stain,1,390.jpg,stain,True
images/stain/02663.jpg,stain,1,391.jpg,stain,True
images/stain/02664.jpg,stain,1,392.jpg,stain,True
images/stain/02665.jpg,stain,1,393.jpg,stain,True
images/stain/02666.jpg,stain,0,394.jpg,stain,True
images/stain/02667.jpg,stain,4,395.jpg,stain,True
images/stain/02668.jpg,stain,2,396.jpg,stain,True
images/stain/02669.jpg,stain,3,397.jpg,stain,True
images/stain/02670.jpg,stain,4,398.jpg,stain,True
images/stain/02671.jpg,stain,4,4.jpg,stain,True
images/stain/02672.jpg,stain,0,40.jpg,stain,True
images/stain/02673.jpg,stain,3,41.jpg,stain,True
images/stain/02674.jpg,stain,1,42.jpg,stain,True
images/stain/02675.jpg,stain,0,43.jpg,stain,True
images/stain/02676.jpg,stain,4,44.jpg,stain,True
images/stain/02677.jpg,stain,3,45.jpg,stain,True
images/stain/02678.jpg,stain,0,46.jpg,stain,True
images/stain/02679.jpg,stain,1,47.jpg,stain,True
images/stain/02680.jpg,stain,3,48.jpg,stain,True
images/stain/02681.jpg,stain,1,49.jpg,stain,True
images/stain/02682.jpg,stain,0,5.jpg,stain,True
images/stain/02683.jpg,stain,4,50.jpg,stain,True
images/stain/02684.jpg,stain,0,51.jpg,stain,True
images/stain/02685.jpg,stain,4,52.jpg,stain,True
images/stain/02686.jpg,stain,1,53.jpg,stain,True
images/stain/02687.jpg,stain,1,54.jpg,stain,True
images/stain/02688.jpg,stain,1,55.jpg,stain,True
images/stain/02689.jpg,stain,3,56.jpg,stain,True
images/stain/02690.jpg,stain,4,57.jpg,stain,True
images/stain/02691.jpg,stain,2,58.jpg,stain,True
images/stain/02692.jpg,stain,0,59.jpg,stain,True
images/stain/02693.jpg,stain,0,6.jpg,stain,True
images/stain/02694.jpg,stain,4,60.jpg,stain,True
images/stain/02695.jpg,stain,1,61.jpg,stain,True
images/stain/02696.jpg,stain,1,62.jpg,stain,True
images/stain/02697.jpg,stain,4,63.jpg,stain,True
images/stain/02698.jpg,stain,2,64.jpg,stain,True
images/stain/02699.jpg,stain,4,65.jpg,stain,True
images/stain/02700.jpg,stain,4,66.jpg,stain,True
images/stain/02701.jpg,stain,1,67.jpg,stain,True
images/stain/02702.jpg,stain,4,68.jpg,stain,True
images/stain/02703.jpg,stain,3,69.jpg,stain,True
images/stain/02704.jpg,stain,1,7.jpg,stain,True
images/stain/02705.jpg,stain,2,70.jpg,stain,True
images/stain/02706.jpg,stain,3,71.jpg,stain,True
images/stain/02707.jpg,stain,3,72.jpg,stain,True
images/stain/02708.jpg,stain,3,73.jpg,stain,True
images/stain/02709.jpg,stain,3,74.jpg,stain,True
images/stain/02710.jpg,stain,0,75.jpg,stain,True
images/stain/02711.jpg,stain,3,76.jpg,stain,True
images/stain/02712.jpg,stain,3,77.jpg,stain,True
images/stain/02713.jpg,stain,3,78.jpg,stain,True
images/stain/02714.jpg,stain,2,79.jpg,stain,True
images/stain/02715.jpg,stain,1,8.jpg,stain,True
images/stain/02716.jpg,stain,4,80.jpg,stain,True
images/stain/02717.jpg,stain,0,81.jpg,stain,True
images/stain/02718.jpg,stain,2,82.jpg,stain,True
images/stain/02719.jpg,stain,0,83.jpg,stain,True
images/stain/02720.jpg,stain,0,84.jpg,stain,True
images/stain/02721.jpg,stain,0,85.jpg,stain,True
images/stain/02722.jpg,stain,4,86.jpg,stain,True
images/stain/02723.jpg,stain,0,87.jpg,stain,True
images/stain/02724.jpg,stain,1,88.jpg,stain,True
images/stain/02725.jpg,stain,4,89.jpg,stain,True
images/stain/02726.jpg,stain,2,9.jpg,stain,True
images/stain/02727.jpg,stain,1,90.jpg,stain,True
images/stain/02728.jpg,stain,3,91.jpg,stain,True
images/stain/02729.jpg,stain,1,92.jpg,stain,True
images/stain/02730.jpg,stain,2,93.jpg,stain,True
images/stain/02731.jpg,stain,0,94.jpg,stain,True
images/stain/02732.jpg,stain,0,95.jpg,stain,True
images/stain/02733.jpg,stain,2,96.jpg,stain,True
images/stain/02734.jpg,stain,0,97.jpg,stain,True
images/stain/02735.jpg,stain,3,98.jpg,stain,True
images/stain/02736.jpg,stain,1,99.jpg,stain,True
